,Index,Issue,Red,Blue
0,2007/5/30,2007001,"[22, 24, 29, 31, 35]","[4, 11]"
1,2007/6/2,2007002,"[15, 22, 31, 34, 35]","[5, 12]"
2,2007/6/4,2007003,"[3, 4, 18, 23, 32]","[1, 6]"
3,2007/6/6,2007004,"[6, 10, 16, 17, 25]","[2, 4]"
4,2007/6/9,2007005,"[1, 9, 19, 20, 30]","[2, 11]"
5,2007/6/11,2007006,"[1, 16, 20, 23, 28]","[3, 6]"
6,2007/6/13,2007007,"[14, 16, 25, 26, 35]","[4, 9]"
7,2007/6/16,2007008,"[2, 8, 11, 21, 23]","[4, 7]"
8,2007/6/18,2007009,"[1, 3, 9, 19, 34]","[9, 12]"
9,2007/6/20,2007010,"[6, 8, 18, 29, 34]","[9, 11]"
10,2007/6/23,2007011,"[29, 32, 33, 34, 35]","[9, 10]"
11,2007/6/25,2007012,"[3, 12, 15, 29, 34]","[7, 11]"
12,2007/6/27,2007013,"[12, 17, 27, 29, 34]","[6, 9]"
13,2007/6/30,2007014,"[1, 2, 7, 29, 32]","[6, 7]"
14,2007/7/2,2007015,"[2, 8, 12, 13, 17]","[11, 12]"
15,2007/7/4,2007016,"[1, 14, 19, 24, 31]","[3, 12]"
16,2007/7/7,2007017,"[13, 14, 29, 32, 34]","[3, 12]"
17,2007/7/9,2007018,"[3, 4, 16, 23, 28]","[6, 9]"
18,2007/7/11,2007019,"[3, 6, 17, 22, 23]","[4, 6]"
19,2007/7/14,2007020,"[2, 6, 11, 12, 18]","[5, 12]"
20,2007/7/16,2007021,"[2, 4, 24, 29, 33]","[1, 2]"
21,2007/7/18,2007022,"[8, 10, 12, 23, 25]","[3, 10]"
22,2007/7/21,2007023,"[8, 10, 23, 32, 34]","[8, 10]"
23,2007/7/23,2007024,"[6, 16, 20, 25, 31]","[4, 9]"
24,2007/7/25,2007025,"[22, 24, 26, 27, 34]","[2, 10]"
25,2007/7/28,2007026,"[5, 9, 13, 33, 35]","[1, 8]"
26,2007/7/30,2007027,"[2, 3, 10, 19, 27]","[6, 10]"
27,2007/8/1,2007028,"[20, 26, 30, 34, 35]","[3, 10]"
28,2007/8/4,2007029,"[15, 22, 25, 29, 35]","[9, 11]"
29,2007/8/6,2007030,"[11, 14, 27, 33, 35]","[2, 7]"
30,2007/8/8,2007031,"[3, 21, 27, 31, 32]","[6, 8]"
31,2007/8/11,2007032,"[1, 13, 21, 23, 32]","[4, 11]"
32,2007/8/13,2007033,"[1, 5, 8, 14, 22]","[3, 12]"
33,2007/8/15,2007034,"[6, 8, 11, 13, 22]","[2, 11]"
34,2007/8/18,2007035,"[7, 11, 16, 31, 32]","[1, 12]"
35,2007/8/20,2007036,"[15, 18, 21, 27, 34]","[1, 2]"
36,2007/8/22,2007037,"[1, 6, 7, 17, 31]","[11, 12]"
37,2007/8/25,2007038,"[6, 21, 25, 27, 32]","[8, 9]"
38,2007/8/27,2007039,"[10, 11, 20, 21, 35]","[7, 11]"
39,2007/8/29,2007040,"[5, 21, 25, 28, 35]","[1, 4]"
40,2007/9/1,2007041,"[3, 16, 17, 22, 35]","[1, 8]"
41,2007/9/3,2007042,"[7, 10, 22, 31, 35]","[5, 6]"
42,2007/9/5,2007043,"[4, 9, 22, 24, 31]","[2, 6]"
43,2007/9/8,2007044,"[4, 5, 7, 12, 26]","[1, 10]"
44,2007/9/10,2007045,"[9, 16, 20, 26, 35]","[11, 12]"
45,2007/9/12,2007046,"[4, 16, 18, 23, 30]","[1, 10]"
46,2007/9/17,2007047,"[1, 6, 15, 19, 35]","[2, 9]"
47,2007/9/17,2007048,"[8, 25, 26, 29, 35]","[6, 8]"
48,2007/9/19,2007049,"[9, 10, 15, 17, 32]","[4, 6]"
49,2007/9/22,2007050,"[13, 21, 22, 30, 35]","[1, 11]"
50,2007/9/24,2007051,"[3, 7, 24, 28, 35]","[8, 11]"
51,2007/9/26,2007052,"[1, 14, 29, 32, 33]","[5, 10]"
52,2007/9/29,2007053,"[11, 16, 19, 21, 25]","[1, 10]"
53,2007/10/1,2007054,"[4, 10, 19, 29, 34]","[3, 6]"
54,2007/10/3,2007055,"[10, 16, 24, 31, 33]","[7, 10]"
55,2007/10/6,2007056,"[4, 11, 17, 20, 21]","[5, 9]"
56,2007/10/8,2007057,"[14, 16, 30, 32, 35]","[6, 7]"
57,2007/10/10,2007058,"[8, 21, 25, 28, 33]","[2, 6]"
58,2007/10/13,2007059,"[4, 15, 23, 31, 33]","[3, 9]"
59,2007/10/15,2007060,"[12, 13, 29, 30, 31]","[4, 7]"
60,2007/10/17,2007061,"[2, 10, 19, 28, 29]","[2, 9]"
61,2007/10/20,2007062,"[1, 4, 10, 14, 29]","[11, 12]"
62,2007/10/22,2007063,"[10, 31, 33, 34, 35]","[7, 12]"
63,2007/10/24,2007064,"[2, 16, 32, 33, 35]","[5, 10]"
64,2007/10/27,2007065,"[19, 20, 24, 29, 31]","[9, 10]"
65,2007/10/29,2007066,"[4, 7, 8, 19, 24]","[7, 12]"
66,2007/10/31,2007067,"[11, 18, 25, 30, 31]","[4, 9]"
67,2007/11/3,2007068,"[4, 9, 13, 14, 33]","[6, 10]"
68,2007/11/5,2007069,"[2, 13, 16, 21, 35]","[1, 5]"
69,2007/11/7,2007070,"[7, 26, 29, 30, 35]","[3, 4]"
70,2007/11/10,2007071,"[10, 22, 32, 33, 35]","[1, 7]"
71,2007/11/12,2007072,"[21, 24, 26, 27, 33]","[1, 5]"
72,2007/11/14,2007073,"[4, 5, 9, 12, 23]","[2, 11]"
73,2007/11/17,2007074,"[16, 17, 23, 24, 31]","[5, 10]"
74,2007/11/19,2007075,"[5, 11, 20, 30, 32]","[7, 11]"
75,2007/11/21,2007076,"[2, 9, 12, 15, 31]","[9, 10]"
76,2007/11/24,2007077,"[4, 6, 12, 13, 24]","[1, 4]"
77,2007/11/26,2007078,"[9, 12, 14, 22, 23]","[1, 2]"
78,2007/11/28,2007079,"[6, 9, 25, 26, 31]","[2, 8]"
79,2007/12/1,2007080,"[1, 15, 20, 25, 27]","[5, 10]"
80,2007/12/3,2007081,"[6, 18, 20, 22, 35]","[4, 9]"
81,2007/12/5,2007082,"[3, 5, 14, 33, 34]","[7, 8]"
82,2007/12/8,2007083,"[1, 5, 20, 21, 24]","[3, 4]"
83,2007/12/10,2007084,"[5, 11, 18, 29, 34]","[10, 11]"
84,2007/12/12,2007085,"[17, 24, 28, 29, 33]","[2, 5]"
85,2007/12/15,2007086,"[14, 18, 19, 26, 28]","[3, 9]"
86,2007/12/17,2007087,"[8, 18, 30, 31, 33]","[4, 9]"
87,2007/12/19,2007088,"[17, 18, 21, 23, 33]","[6, 10]"
88,2007/12/22,2007089,"[8, 13, 24, 30, 34]","[1, 12]"
89,2007/12/24,2007090,"[4, 20, 24, 31, 33]","[9, 12]"
90,2007/12/26,2007091,"[7, 12, 26, 31, 32]","[3, 8]"
91,2007/12/29,2007092,"[6, 19, 27, 28, 29]","[6, 10]"
92,2007/12/31,2007093,"[6, 8, 16, 25, 27]","[8, 12]"
93,2008/1/2,2008001,"[1, 2, 11, 34, 35]","[3, 10]"
94,2008/1/5,2008002,"[1, 12, 24, 31, 32]","[10, 12]"
95,2008/1/7,2008003,"[1, 11, 13, 32, 35]","[2, 7]"
96,2008/1/9,2008004,"[9, 22, 24, 31, 33]","[8, 9]"
97,2008/1/12,2008005,"[18, 25, 29, 31, 34]","[9, 10]"
98,2008/1/14,2008006,"[10, 12, 26, 29, 34]","[5, 7]"
99,2008/1/16,2008007,"[3, 4, 5, 12, 28]","[3, 12]"
100,2008/1/19,2008008,"[2, 6, 8, 17, 32]","[8, 9]"
101,2008/1/21,2008009,"[4, 8, 12, 24, 30]","[5, 8]"
102,2008/1/23,2008010,"[6, 23, 24, 27, 29]","[6, 8]"
103,2008/1/26,2008011,"[14, 20, 22, 24, 27]","[7, 10]"
104,2008/1/28,2008012,"[2, 10, 29, 32, 35]","[2, 3]"
105,2008/1/30,2008013,"[1, 11, 19, 22, 35]","[5, 9]"
106,2008/2/2,2008014,"[4, 7, 10, 28, 34]","[1, 6]"
107,2008/2/4,2008015,"[9, 18, 20, 27, 33]","[6, 9]"
108,2008/2/13,2008016,"[8, 10, 11, 17, 19]","[6, 9]"
109,2008/2/16,2008017,"[2, 14, 25, 29, 32]","[1, 6]"
110,2008/2/18,2008018,"[3, 6, 7, 11, 30]","[2, 3]"
111,2008/2/20,2008019,"[8, 24, 25, 29, 31]","[4, 5]"
112,2008/2/23,2008020,"[4, 5, 15, 17, 33]","[4, 8]"
113,2008/2/25,2008021,"[5, 10, 13, 21, 24]","[4, 9]"
114,2008/2/27,2008022,"[9, 12, 13, 25, 31]","[8, 10]"
115,2008/3/1,2008023,"[6, 26, 31, 32, 34]","[7, 10]"
116,2008/3/3,2008024,"[8, 12, 17, 20, 30]","[1, 2]"
117,2008/3/5,2008025,"[6, 10, 12, 15, 28]","[4, 12]"
118,2008/3/8,2008026,"[1, 21, 22, 24, 25]","[8, 10]"
119,2008/3/10,2008027,"[5, 17, 23, 31, 32]","[4, 8]"
120,2008/3/12,2008028,"[3, 11, 17, 19, 26]","[7, 12]"
121,2008/3/15,2008029,"[6, 11, 18, 29, 30]","[4, 11]"
122,2008/3/17,2008030,"[3, 21, 23, 26, 35]","[5, 8]"
123,2008/3/19,2008031,"[14, 20, 23, 27, 28]","[2, 4]"
124,2008/3/22,2008032,"[3, 9, 19, 27, 33]","[9, 10]"
125,2008/3/24,2008033,"[3, 10, 21, 23, 30]","[1, 9]"
126,2008/3/26,2008034,"[6, 7, 18, 34, 35]","[5, 10]"
127,2008/3/29,2008035,"[2, 12, 13, 29, 30]","[5, 7]"
128,2008/3/31,2008036,"[9, 19, 22, 30, 32]","[1, 10]"
129,2008/4/2,2008037,"[11, 20, 24, 31, 35]","[4, 10]"
130,2008/4/5,2008038,"[12, 13, 19, 32, 33]","[2, 10]"
131,2008/4/7,2008039,"[7, 11, 15, 27, 35]","[4, 7]"
132,2008/4/9,2008040,"[4, 8, 19, 22, 29]","[8, 11]"
133,2008/4/12,2008041,"[7, 17, 21, 22, 28]","[5, 10]"
134,2008/4/14,2008042,"[5, 10, 13, 32, 35]","[4, 5]"
135,2008/4/16,2008043,"[5, 8, 10, 31, 33]","[2, 4]"
136,2008/4/19,2008044,"[2, 21, 23, 27, 32]","[10, 11]"
137,2008/4/21,2008045,"[14, 32, 33, 34, 35]","[2, 4]"
138,2008/4/23,2008046,"[11, 25, 26, 27, 35]","[7, 8]"
139,2008/4/26,2008047,"[12, 18, 22, 23, 30]","[6, 12]"
140,2008/4/28,2008048,"[1, 13, 22, 25, 27]","[2, 10]"
141,2008/4/30,2008049,"[1, 11, 14, 28, 30]","[3, 10]"
142,2008/5/3,2008050,"[1, 5, 11, 26, 27]","[3, 7]"
143,2008/5/5,2008051,"[1, 7, 9, 11, 33]","[3, 11]"
144,2008/5/7,2008052,"[3, 18, 19, 30, 35]","[5, 9]"
145,2008/5/10,2008053,"[1, 13, 21, 23, 32]","[3, 6]"
146,2008/5/12,2008054,"[5, 14, 23, 31, 35]","[2, 6]"
147,2008/5/14,2008055,"[2, 14, 28, 30, 35]","[4, 12]"
148,2008/5/17,2008056,"[15, 19, 25, 30, 31]","[3, 9]"
149,2008/5/19,2008057,"[5, 8, 9, 17, 33]","[5, 6]"
150,2008/5/21,2008058,"[3, 9, 11, 29, 33]","[3, 12]"
151,2008/5/24,2008059,"[7, 13, 21, 25, 31]","[8, 10]"
152,2008/5/26,2008060,"[3, 13, 17, 23, 30]","[1, 11]"
153,2008/5/28,2008061,"[7, 10, 14, 19, 32]","[3, 6]"
154,2008/5/31,2008062,"[1, 15, 27, 28, 29]","[3, 10]"
155,2008/6/2,2008063,"[7, 11, 24, 30, 35]","[6, 8]"
156,2008/6/4,2008064,"[14, 18, 24, 27, 31]","[6, 7]"
157,2008/6/7,2008065,"[19, 22, 23, 25, 32]","[6, 12]"
158,2008/6/9,2008066,"[2, 7, 21, 22, 25]","[4, 12]"
159,2008/6/11,2008067,"[3, 10, 14, 15, 22]","[4, 7]"
160,2008/6/14,2008068,"[6, 9, 11, 33, 34]","[6, 10]"
161,2008/6/16,2008069,"[5, 13, 16, 29, 33]","[6, 8]"
162,2008/6/18,2008070,"[9, 17, 18, 21, 31]","[1, 5]"
163,2008/6/21,2008071,"[1, 5, 11, 14, 25]","[1, 9]"
164,2008/6/23,2008072,"[10, 25, 32, 33, 34]","[3, 9]"
165,2008/6/25,2008073,"[2, 5, 6, 7, 31]","[8, 10]"
166,2008/6/28,2008074,"[10, 13, 22, 31, 35]","[4, 12]"
167,2008/6/30,2008075,"[1, 10, 13, 30, 33]","[6, 7]"
168,2008/7/2,2008076,"[3, 5, 10, 27, 34]","[1, 12]"
169,2008/7/5,2008077,"[1, 8, 21, 33, 34]","[5, 7]"
170,2008/7/7,2008078,"[8, 17, 20, 28, 31]","[7, 11]"
171,2008/7/9,2008079,"[20, 23, 26, 32, 33]","[5, 12]"
172,2008/7/12,2008080,"[6, 9, 29, 31, 33]","[5, 11]"
173,2008/7/14,2008081,"[7, 8, 20, 22, 29]","[4, 7]"
174,2008/7/16,2008082,"[15, 19, 29, 33, 35]","[1, 2]"
175,2008/7/19,2008083,"[6, 14, 15, 30, 31]","[3, 10]"
176,2008/7/21,2008084,"[2, 17, 20, 22, 25]","[5, 11]"
177,2008/7/23,2008085,"[3, 7, 13, 15, 19]","[2, 10]"
178,2008/7/26,2008086,"[1, 6, 10, 22, 35]","[3, 7]"
179,2008/7/28,2008087,"[14, 22, 32, 33, 35]","[1, 5]"
180,2008/7/30,2008088,"[7, 11, 19, 27, 31]","[2, 3]"
181,2008/8/2,2008089,"[8, 13, 24, 32, 33]","[3, 9]"
182,2008/8/4,2008090,"[4, 11, 18, 33, 34]","[2, 6]"
183,2008/8/6,2008091,"[9, 13, 19, 22, 25]","[4, 10]"
184,2008/8/9,2008092,"[3, 23, 26, 32, 34]","[4, 9]"
185,2008/8/11,2008093,"[6, 7, 10, 24, 30]","[5, 8]"
186,2008/8/13,2008094,"[7, 12, 19, 27, 34]","[11, 12]"
187,2008/8/16,2008095,"[3, 4, 11, 21, 25]","[1, 7]"
188,2008/8/18,2008096,"[6, 7, 12, 25, 28]","[2, 12]"
189,2008/8/20,2008097,"[1, 10, 31, 33, 35]","[3, 10]"
190,2008/8/23,2008098,"[7, 10, 22, 27, 33]","[4, 8]"
191,2008/8/25,2008099,"[3, 18, 23, 25, 30]","[6, 10]"
192,2008/8/27,2008100,"[12, 20, 26, 29, 30]","[2, 6]"
193,2008/8/30,2008101,"[10, 13, 23, 31, 33]","[4, 11]"
194,2008/9/1,2008102,"[5, 25, 26, 29, 35]","[3, 10]"
195,2008/9/3,2008103,"[2, 11, 22, 30, 34]","[4, 9]"
196,2008/9/6,2008104,"[7, 8, 10, 24, 34]","[8, 11]"
197,2008/9/8,2008105,"[12, 21, 22, 26, 35]","[4, 5]"
198,2008/9/10,2008106,"[3, 5, 21, 28, 33]","[2, 6]"
199,2008/9/13,2008107,"[1, 2, 13, 15, 16]","[4, 9]"
200,2008/9/15,2008108,"[11, 16, 24, 29, 32]","[9, 11]"
201,2008/9/17,2008109,"[1, 10, 18, 28, 34]","[5, 8]"
202,2008/9/20,2008110,"[5, 16, 25, 27, 33]","[4, 9]"
203,2008/9/22,2008111,"[2, 11, 12, 14, 19]","[5, 9]"
204,2008/9/24,2008112,"[4, 18, 26, 32, 33]","[5, 8]"
205,2008/9/27,2008113,"[11, 14, 17, 19, 22]","[1, 8]"
206,2008/9/29,2008114,"[2, 3, 22, 27, 31]","[6, 7]"
207,2008/10/1,2008115,"[7, 9, 19, 21, 33]","[7, 10]"
208,2008/10/4,2008116,"[6, 8, 15, 24, 31]","[1, 3]"
209,2008/10/6,2008117,"[13, 23, 24, 25, 30]","[2, 8]"
210,2008/10/8,2008118,"[6, 9, 19, 25, 30]","[6, 12]"
211,2008/10/11,2008119,"[1, 2, 10, 19, 27]","[1, 11]"
212,2008/10/13,2008120,"[21, 23, 24, 25, 32]","[3, 4]"
213,2008/10/15,2008121,"[11, 23, 24, 32, 35]","[4, 10]"
214,2008/10/18,2008122,"[3, 6, 12, 20, 29]","[9, 12]"
215,2008/10/20,2008123,"[1, 6, 12, 28, 31]","[8, 9]"
216,2008/10/22,2008124,"[2, 10, 13, 29, 33]","[6, 10]"
217,2008/10/25,2008125,"[1, 4, 28, 33, 34]","[6, 11]"
218,2008/10/27,2008126,"[9, 29, 32, 34, 35]","[1, 8]"
219,2008/10/29,2008127,"[8, 21, 22, 31, 33]","[1, 7]"
220,2008/11/1,2008128,"[12, 15, 23, 24, 25]","[10, 11]"
221,2008/11/3,2008129,"[13, 16, 20, 25, 27]","[4, 5]"
222,2008/11/5,2008130,"[3, 5, 22, 29, 34]","[7, 12]"
223,2008/11/8,2008131,"[8, 9, 12, 21, 32]","[7, 11]"
224,2008/11/10,2008132,"[6, 14, 24, 27, 29]","[5, 9]"
225,2008/11/12,2008133,"[10, 12, 15, 33, 35]","[3, 9]"
226,2008/11/15,2008134,"[11, 13, 15, 28, 35]","[8, 10]"
227,2008/11/17,2008135,"[7, 22, 25, 29, 33]","[1, 12]"
228,2008/11/19,2008136,"[3, 28, 29, 32, 34]","[1, 6]"
229,2008/11/22,2008137,"[1, 10, 25, 32, 35]","[5, 9]"
230,2008/11/24,2008138,"[4, 5, 18, 22, 35]","[7, 8]"
231,2008/11/26,2008139,"[1, 6, 10, 14, 22]","[6, 8]"
232,2008/11/29,2008140,"[2, 9, 11, 29, 32]","[8, 9]"
233,2008/12/1,2008141,"[9, 15, 18, 30, 34]","[4, 5]"
234,2008/12/3,2008142,"[6, 18, 21, 30, 35]","[8, 9]"
235,2008/12/6,2008143,"[1, 2, 22, 29, 32]","[1, 4]"
236,2008/12/8,2008144,"[10, 19, 27, 28, 33]","[5, 12]"
237,2008/12/10,2008145,"[5, 16, 27, 29, 30]","[5, 11]"
238,2008/12/13,2008146,"[9, 23, 24, 26, 33]","[7, 12]"
239,2008/12/15,2008147,"[16, 18, 19, 24, 35]","[11, 12]"
240,2008/12/17,2008148,"[3, 7, 20, 33, 35]","[4, 7]"
241,2008/12/20,2008149,"[2, 5, 6, 27, 29]","[3, 4]"
242,2008/12/22,2008150,"[1, 9, 10, 15, 25]","[3, 8]"
243,2008/12/24,2008151,"[7, 10, 27, 31, 34]","[8, 9]"
244,2008/12/27,2008152,"[3, 5, 14, 20, 33]","[7, 11]"
245,2008/12/29,2008153,"[2, 4, 6, 25, 26]","[2, 5]"
246,2008/12/31,2008154,"[5, 7, 10, 29, 32]","[4, 6]"
247,2009/1/3,2009001,"[1, 15, 23, 27, 30]","[4, 10]"
248,2009/1/5,2009002,"[1, 4, 7, 12, 30]","[5, 10]"
249,2009/1/7,2009003,"[16, 18, 23, 30, 32]","[2, 11]"
250,2009/1/10,2009004,"[1, 3, 22, 32, 35]","[6, 10]"
251,2009/1/12,2009005,"[10, 11, 15, 31, 32]","[5, 8]"
252,2009/1/14,2009006,"[2, 4, 22, 31, 35]","[9, 12]"
253,2009/1/17,2009007,"[6, 14, 15, 29, 35]","[6, 11]"
254,2009/1/19,2009008,"[4, 17, 21, 29, 31]","[2, 12]"
255,2009/1/21,2009009,"[12, 18, 23, 26, 32]","[6, 9]"
256,2009/1/24,2009010,"[2, 9, 12, 21, 29]","[7, 11]"
257,2009/2/2,2009011,"[2, 11, 13, 14, 21]","[2, 4]"
258,2009/2/4,2009012,"[2, 5, 20, 25, 31]","[10, 12]"
259,2009/2/7,2009013,"[5, 24, 26, 30, 35]","[5, 12]"
260,2009/2/9,2009014,"[8, 14, 15, 25, 26]","[7, 9]"
261,2009/2/11,2009015,"[1, 5, 10, 16, 27]","[3, 4]"
262,2009/2/14,2009016,"[10, 11, 20, 26, 27]","[9, 11]"
263,2009/2/16,2009017,"[5, 11, 23, 26, 33]","[4, 12]"
264,2009/2/18,2009018,"[1, 6, 13, 28, 29]","[3, 9]"
265,2009/2/21,2009019,"[4, 29, 31, 32, 35]","[4, 10]"
266,2009/2/23,2009020,"[5, 16, 18, 32, 35]","[2, 11]"
267,2009/2/25,2009021,"[1, 15, 31, 32, 34]","[3, 8]"
268,2009/2/28,2009022,"[12, 14, 17, 34, 35]","[4, 11]"
269,2009/3/2,2009023,"[15, 17, 21, 27, 33]","[7, 11]"
270,2009/3/4,2009024,"[29, 31, 32, 33, 35]","[10, 11]"
271,2009/3/7,2009025,"[3, 17, 22, 23, 33]","[4, 10]"
272,2009/3/9,2009026,"[24, 30, 31, 32, 34]","[10, 12]"
273,2009/3/11,2009027,"[3, 22, 26, 33, 34]","[9, 10]"
274,2009/3/14,2009028,"[6, 20, 30, 32, 35]","[9, 11]"
275,2009/3/16,2009029,"[3, 4, 13, 17, 24]","[4, 11]"
276,2009/3/18,2009030,"[1, 7, 27, 30, 32]","[1, 4]"
277,2009/3/21,2009031,"[7, 11, 19, 21, 22]","[1, 11]"
278,2009/3/23,2009032,"[4, 12, 20, 26, 29]","[6, 10]"
279,2009/3/25,2009033,"[2, 8, 18, 21, 32]","[8, 11]"
280,2009/3/28,2009034,"[5, 19, 31, 32, 35]","[4, 9]"
281,2009/3/30,2009035,"[3, 7, 9, 28, 33]","[3, 8]"
282,2009/4/1,2009036,"[2, 12, 26, 31, 33]","[9, 10]"
283,2009/4/4,2009037,"[17, 18, 19, 25, 31]","[1, 11]"
284,2009/4/6,2009038,"[6, 17, 20, 29, 32]","[4, 5]"
285,2009/4/8,2009039,"[1, 3, 7, 10, 33]","[3, 4]"
286,2009/4/11,2009040,"[3, 16, 30, 32, 33]","[1, 10]"
287,2009/4/13,2009041,"[5, 9, 20, 23, 29]","[4, 10]"
288,2009/4/15,2009042,"[11, 24, 25, 26, 31]","[2, 7]"
289,2009/4/18,2009043,"[5, 21, 22, 32, 35]","[2, 5]"
290,2009/4/20,2009044,"[1, 7, 18, 29, 34]","[3, 9]"
291,2009/4/22,2009045,"[1, 9, 14, 24, 35]","[6, 9]"
292,2009/4/25,2009046,"[1, 9, 24, 34, 35]","[4, 9]"
293,2009/4/27,2009047,"[13, 18, 21, 24, 29]","[3, 6]"
294,2009/4/29,2009048,"[5, 6, 22, 25, 27]","[11, 12]"
295,2009/5/2,2009049,"[5, 16, 28, 29, 34]","[11, 12]"
296,2009/5/4,2009050,"[5, 15, 28, 32, 33]","[8, 9]"
297,2009/5/6,2009051,"[3, 11, 22, 26, 29]","[5, 12]"
298,2009/5/9,2009052,"[23, 24, 30, 34, 35]","[1, 3]"
299,2009/5/11,2009053,"[5, 9, 24, 31, 33]","[5, 6]"
300,2009/5/13,2009054,"[2, 12, 19, 29, 30]","[7, 12]"
301,2009/5/16,2009055,"[5, 8, 14, 23, 24]","[5, 6]"
302,2009/5/18,2009056,"[4, 13, 17, 32, 35]","[3, 6]"
303,2009/5/20,2009057,"[6, 15, 22, 27, 30]","[2, 9]"
304,2009/5/23,2009058,"[8, 10, 14, 27, 32]","[2, 7]"
305,2009/5/25,2009059,"[2, 13, 14, 29, 33]","[4, 11]"
306,2009/5/27,2009060,"[18, 28, 29, 30, 31]","[4, 8]"
307,2009/5/30,2009061,"[2, 10, 21, 26, 34]","[2, 10]"
308,2009/6/1,2009062,"[4, 22, 23, 29, 31]","[5, 11]"
309,2009/6/3,2009063,"[5, 6, 18, 21, 22]","[1, 7]"
310,2009/6/6,2009064,"[6, 10, 11, 17, 34]","[11, 12]"
311,2009/6/8,2009065,"[1, 12, 24, 27, 32]","[2, 11]"
312,2009/6/10,2009066,"[1, 8, 19, 24, 31]","[6, 12]"
313,2009/6/13,2009067,"[3, 6, 25, 28, 32]","[2, 5]"
314,2009/6/15,2009068,"[2, 12, 15, 20, 28]","[1, 12]"
315,2009/6/17,2009069,"[14, 16, 27, 30, 33]","[8, 12]"
316,2009/6/20,2009070,"[10, 21, 24, 30, 31]","[3, 10]"
317,2009/6/22,2009071,"[4, 20, 29, 30, 33]","[2, 11]"
318,2009/6/24,2009072,"[23, 26, 29, 32, 33]","[5, 10]"
319,2009/6/27,2009073,"[1, 10, 19, 21, 30]","[1, 4]"
320,2009/6/29,2009074,"[15, 17, 19, 23, 32]","[1, 11]"
321,2009/7/1,2009075,"[1, 7, 11, 32, 33]","[9, 11]"
322,2009/7/4,2009076,"[3, 9, 11, 18, 24]","[4, 5]"
323,2009/7/6,2009077,"[7, 20, 28, 32, 34]","[6, 8]"
324,2009/7/8,2009078,"[11, 23, 26, 31, 34]","[5, 11]"
325,2009/7/11,2009079,"[1, 2, 7, 13, 34]","[4, 10]"
326,2009/7/13,2009080,"[7, 16, 19, 29, 35]","[2, 11]"
327,2009/7/15,2009081,"[2, 15, 20, 25, 33]","[3, 6]"
328,2009/7/18,2009082,"[5, 11, 26, 29, 32]","[8, 11]"
329,2009/7/20,2009083,"[2, 5, 28, 34, 35]","[1, 7]"
330,2009/7/22,2009084,"[5, 9, 19, 26, 35]","[2, 10]"
331,2009/7/25,2009085,"[6, 13, 27, 33, 34]","[9, 12]"
332,2009/7/27,2009086,"[1, 2, 7, 26, 29]","[10, 12]"
333,2009/7/29,2009087,"[10, 24, 28, 30, 33]","[1, 10]"
334,2009/8/1,2009088,"[13, 16, 27, 32, 34]","[3, 9]"
335,2009/8/3,2009089,"[3, 6, 11, 19, 27]","[2, 7]"
336,2009/8/5,2009090,"[18, 25, 30, 33, 34]","[4, 10]"
337,2009/8/8,2009091,"[1, 5, 17, 32, 34]","[3, 7]"
338,2009/8/10,2009092,"[10, 21, 22, 27, 29]","[8, 12]"
339,2009/8/12,2009093,"[7, 9, 22, 30, 33]","[9, 11]"
340,2009/8/15,2009094,"[1, 5, 21, 23, 29]","[5, 12]"
341,2009/8/17,2009095,"[8, 18, 24, 30, 33]","[1, 6]"
342,2009/8/19,2009096,"[7, 12, 28, 32, 33]","[1, 3]"
343,2009/8/22,2009097,"[6, 13, 14, 22, 25]","[1, 4]"
344,2009/8/24,2009098,"[11, 17, 19, 25, 26]","[2, 10]"
345,2009/8/26,2009099,"[3, 9, 21, 23, 33]","[6, 10]"
346,2009/8/29,2009100,"[16, 20, 25, 29, 33]","[1, 8]"
347,2009/8/31,2009101,"[2, 10, 14, 22, 26]","[4, 9]"
348,2009/9/2,2009102,"[11, 13, 29, 32, 35]","[10, 12]"
349,2009/9/5,2009103,"[16, 20, 28, 32, 33]","[1, 2]"
350,2009/9/7,2009104,"[15, 25, 29, 32, 33]","[10, 11]"
351,2009/9/9,2009105,"[1, 25, 26, 34, 35]","[6, 11]"
352,2009/9/12,2009106,"[11, 21, 22, 25, 34]","[6, 9]"
353,2009/9/14,2009107,"[11, 12, 33, 34, 35]","[1, 10]"
354,2009/9/16,2009108,"[1, 9, 14, 29, 30]","[7, 10]"
355,2009/9/19,2009109,"[2, 11, 13, 26, 35]","[6, 10]"
356,2009/9/21,2009110,"[22, 28, 30, 31, 34]","[7, 9]"
357,2009/9/23,2009111,"[4, 11, 13, 19, 35]","[10, 12]"
358,2009/9/26,2009112,"[2, 8, 12, 34, 35]","[4, 5]"
359,2009/9/28,2009113,"[3, 4, 10, 18, 27]","[6, 8]"
360,2009/9/30,2009114,"[2, 8, 25, 29, 33]","[3, 7]"
361,2009/10/3,2009115,"[1, 2, 6, 8, 26]","[5, 12]"
362,2009/10/5,2009116,"[12, 15, 23, 30, 33]","[9, 12]"
363,2009/10/7,2009117,"[7, 21, 29, 31, 33]","[9, 10]"
364,2009/10/10,2009118,"[10, 17, 18, 21, 34]","[5, 11]"
365,2009/10/12,2009119,"[3, 12, 22, 23, 28]","[4, 12]"
366,2009/10/14,2009120,"[11, 23, 27, 28, 32]","[2, 5]"
367,2009/10/17,2009121,"[4, 5, 8, 11, 22]","[2, 10]"
368,2009/10/19,2009122,"[1, 2, 11, 31, 33]","[5, 6]"
369,2009/10/21,2009123,"[10, 21, 28, 29, 32]","[6, 10]"
370,2009/10/24,2009124,"[1, 3, 14, 32, 35]","[7, 11]"
371,2009/10/26,2009125,"[8, 20, 23, 29, 31]","[2, 11]"
372,2009/10/28,2009126,"[14, 23, 27, 28, 33]","[8, 12]"
373,2009/10/31,2009127,"[5, 9, 27, 32, 34]","[5, 8]"
374,2009/11/2,2009128,"[6, 21, 28, 32, 34]","[4, 7]"
375,2009/11/4,2009129,"[2, 10, 18, 32, 33]","[3, 8]"
376,2009/11/7,2009130,"[9, 14, 25, 32, 34]","[2, 8]"
377,2009/11/9,2009131,"[2, 3, 8, 33, 34]","[3, 11]"
378,2009/11/11,2009132,"[2, 10, 12, 15, 28]","[4, 7]"
379,2009/11/14,2009133,"[1, 8, 24, 27, 34]","[10, 11]"
380,2009/11/16,2009134,"[2, 16, 19, 28, 33]","[7, 11]"
381,2009/11/18,2009135,"[6, 8, 15, 20, 32]","[5, 6]"
382,2009/11/21,2009136,"[7, 13, 23, 24, 29]","[6, 10]"
383,2009/11/23,2009137,"[12, 28, 29, 30, 34]","[1, 9]"
384,2009/11/25,2009138,"[3, 4, 14, 28, 32]","[9, 10]"
385,2009/11/28,2009139,"[14, 16, 20, 22, 32]","[5, 9]"
386,2009/11/30,2009140,"[7, 8, 19, 26, 30]","[1, 12]"
387,2009/12/2,2009141,"[13, 14, 21, 30, 33]","[2, 8]"
388,2009/12/5,2009142,"[5, 6, 13, 24, 31]","[3, 11]"
389,2009/12/7,2009143,"[1, 9, 10, 11, 22]","[1, 12]"
390,2009/12/9,2009144,"[18, 26, 32, 33, 34]","[4, 6]"
391,2009/12/12,2009145,"[5, 11, 14, 22, 35]","[3, 10]"
392,2009/12/14,2009146,"[11, 17, 23, 24, 25]","[3, 6]"
393,2009/12/16,2009147,"[6, 12, 18, 22, 29]","[5, 8]"
394,2009/12/19,2009148,"[2, 4, 13, 14, 33]","[1, 9]"
395,2009/12/21,2009149,"[1, 3, 10, 12, 20]","[2, 7]"
396,2009/12/23,2009150,"[4, 11, 18, 25, 34]","[5, 7]"
397,2009/12/26,2009151,"[3, 8, 14, 30, 31]","[4, 9]"
398,2009/12/28,2009152,"[1, 23, 29, 30, 32]","[7, 12]"
399,2009/12/30,2009153,"[21, 22, 30, 32, 34]","[3, 7]"
400,2010/1/2,2010001,"[2, 6, 7, 12, 27]","[2, 8]"
401,2010/1/4,2010002,"[4, 23, 25, 26, 30]","[7, 10]"
402,2010/1/6,2010003,"[5, 14, 23, 27, 30]","[2, 8]"
403,2010/1/9,2010004,"[3, 6, 21, 24, 34]","[4, 6]"
404,2010/1/11,2010005,"[4, 17, 19, 22, 30]","[2, 3]"
405,2010/1/13,2010006,"[3, 13, 19, 30, 34]","[2, 5]"
406,2010/1/16,2010007,"[7, 23, 26, 29, 32]","[8, 11]"
407,2010/1/18,2010008,"[11, 23, 25, 31, 32]","[5, 11]"
408,2010/1/20,2010009,"[2, 5, 13, 27, 32]","[3, 11]"
409,2010/1/23,2010010,"[15, 22, 24, 32, 35]","[2, 9]"
410,2010/1/25,2010011,"[2, 3, 11, 27, 32]","[8, 11]"
411,2010/1/27,2010012,"[20, 24, 30, 31, 33]","[5, 12]"
412,2010/1/30,2010013,"[18, 21, 22, 26, 34]","[9, 12]"
413,2010/2/1,2010014,"[18, 19, 30, 33, 35]","[2, 4]"
414,2010/2/3,2010015,"[3, 10, 14, 18, 28]","[8, 10]"
415,2010/2/6,2010016,"[10, 12, 20, 23, 32]","[4, 10]"
416,2010/2/8,2010017,"[13, 21, 23, 27, 34]","[9, 12]"
417,2010/2/10,2010018,"[3, 10, 26, 32, 33]","[4, 12]"
418,2010/2/20,2010019,"[3, 11, 19, 26, 27]","[2, 9]"
419,2010/2/22,2010020,"[8, 18, 26, 32, 33]","[1, 6]"
420,2010/2/24,2010021,"[11, 20, 23, 24, 25]","[7, 9]"
421,2010/2/27,2010022,"[2, 11, 13, 14, 25]","[2, 5]"
422,2010/3/1,2010023,"[11, 13, 29, 32, 33]","[2, 8]"
423,2010/3/3,2010024,"[3, 14, 19, 24, 25]","[4, 11]"
424,2010/3/6,2010025,"[9, 11, 13, 14, 25]","[1, 7]"
425,2010/3/8,2010026,"[5, 23, 25, 31, 35]","[7, 10]"
426,2010/3/10,2010027,"[5, 23, 26, 32, 34]","[2, 9]"
427,2010/3/13,2010028,"[1, 2, 7, 20, 35]","[1, 3]"
428,2010/3/15,2010029,"[21, 22, 33, 34, 35]","[3, 4]"
429,2010/3/17,2010030,"[10, 12, 19, 32, 35]","[2, 7]"
430,2010/3/20,2010031,"[5, 13, 16, 17, 35]","[6, 8]"
431,2010/3/22,2010032,"[13, 16, 23, 24, 33]","[7, 11]"
432,2010/3/24,2010033,"[12, 19, 28, 29, 30]","[5, 8]"
433,2010/3/27,2010034,"[1, 6, 19, 25, 26]","[3, 9]"
434,2010/3/29,2010035,"[14, 16, 20, 31, 34]","[1, 7]"
435,2010/3/31,2010036,"[19, 25, 28, 31, 33]","[1, 8]"
436,2010/4/3,2010037,"[19, 21, 26, 34, 35]","[1, 9]"
437,2010/4/5,2010038,"[8, 10, 25, 29, 33]","[1, 2]"
438,2010/4/7,2010039,"[7, 19, 26, 28, 32]","[1, 8]"
439,2010/4/10,2010040,"[13, 20, 26, 31, 35]","[2, 11]"
440,2010/4/12,2010041,"[16, 22, 28, 29, 34]","[4, 12]"
441,2010/4/14,2010042,"[1, 5, 19, 34, 35]","[6, 7]"
442,2010/4/17,2010043,"[5, 8, 10, 33, 35]","[2, 10]"
443,2010/4/19,2010044,"[6, 21, 24, 28, 30]","[2, 7]"
444,2010/4/21,2010045,"[8, 17, 18, 20, 28]","[9, 10]"
445,2010/4/24,2010046,"[2, 15, 19, 26, 27]","[5, 6]"
446,2010/4/26,2010047,"[4, 8, 11, 30, 31]","[2, 8]"
447,2010/4/28,2010048,"[2, 3, 10, 12, 25]","[3, 9]"
448,2010/5/1,2010049,"[1, 25, 29, 31, 33]","[4, 10]"
449,2010/5/3,2010050,"[7, 8, 15, 30, 35]","[5, 10]"
450,2010/5/5,2010051,"[6, 10, 20, 24, 32]","[6, 10]"
451,2010/5/8,2010052,"[4, 6, 25, 29, 32]","[5, 6]"
452,2010/5/10,2010053,"[9, 19, 22, 26, 34]","[9, 11]"
453,2010/5/12,2010054,"[12, 25, 29, 30, 33]","[10, 11]"
454,2010/5/15,2010055,"[13, 14, 17, 27, 32]","[2, 10]"
455,2010/5/17,2010056,"[5, 9, 23, 25, 30]","[9, 12]"
456,2010/5/19,2010057,"[15, 17, 24, 32, 35]","[7, 9]"
457,2010/5/22,2010058,"[6, 15, 17, 19, 30]","[1, 12]"
458,2010/5/24,2010059,"[6, 10, 14, 25, 34]","[1, 3]"
459,2010/5/26,2010060,"[10, 13, 22, 33, 34]","[1, 5]"
460,2010/5/29,2010061,"[5, 12, 14, 17, 22]","[5, 7]"
461,2010/5/31,2010062,"[6, 7, 18, 30, 31]","[7, 8]"
462,2010/6/2,2010063,"[7, 14, 16, 30, 31]","[3, 6]"
463,2010/6/5,2010064,"[7, 10, 12, 20, 21]","[6, 9]"
464,2010/6/7,2010065,"[5, 8, 13, 14, 32]","[8, 11]"
465,2010/6/9,2010066,"[15, 21, 22, 24, 27]","[1, 6]"
466,2010/6/12,2010067,"[1, 11, 19, 30, 32]","[3, 10]"
467,2010/6/14,2010068,"[11, 17, 19, 20, 34]","[6, 10]"
468,2010/6/16,2010069,"[6, 17, 18, 25, 29]","[8, 9]"
469,2010/6/19,2010070,"[5, 14, 23, 25, 28]","[11, 12]"
470,2010/6/21,2010071,"[7, 12, 26, 30, 32]","[2, 7]"
471,2010/6/23,2010072,"[5, 10, 17, 23, 25]","[3, 10]"
472,2010/6/26,2010073,"[4, 9, 11, 30, 32]","[1, 11]"
473,2010/6/28,2010074,"[3, 7, 20, 27, 32]","[2, 12]"
474,2010/6/30,2010075,"[10, 12, 17, 23, 27]","[5, 7]"
475,2010/7/3,2010076,"[9, 12, 16, 19, 35]","[2, 12]"
476,2010/7/5,2010077,"[6, 7, 9, 17, 24]","[2, 12]"
477,2010/7/7,2010078,"[2, 3, 15, 28, 35]","[1, 11]"
478,2010/7/10,2010079,"[1, 4, 21, 22, 24]","[2, 5]"
479,2010/7/12,2010080,"[8, 19, 27, 29, 34]","[4, 10]"
480,2010/7/14,2010081,"[14, 18, 20, 24, 27]","[5, 10]"
481,2010/7/17,2010082,"[5, 8, 24, 29, 30]","[4, 6]"
482,2010/7/19,2010083,"[7, 11, 21, 22, 35]","[4, 7]"
483,2010/7/21,2010084,"[3, 13, 14, 22, 26]","[2, 5]"
484,2010/7/24,2010085,"[2, 10, 16, 18, 34]","[2, 3]"
485,2010/7/26,2010086,"[1, 2, 12, 19, 35]","[5, 7]"
486,2010/7/28,2010087,"[1, 12, 20, 21, 24]","[2, 8]"
487,2010/7/31,2010088,"[3, 5, 14, 30, 35]","[3, 6]"
488,2010/8/2,2010089,"[4, 10, 13, 18, 23]","[8, 10]"
489,2010/8/4,2010090,"[8, 24, 26, 31, 32]","[7, 9]"
490,2010/8/7,2010091,"[6, 10, 23, 26, 31]","[5, 7]"
491,2010/8/9,2010092,"[2, 15, 29, 30, 34]","[2, 12]"
492,2010/8/11,2010093,"[2, 4, 9, 28, 29]","[5, 8]"
493,2010/8/14,2010094,"[20, 32, 33, 34, 35]","[6, 7]"
494,2010/8/16,2010095,"[12, 14, 16, 19, 25]","[1, 6]"
495,2010/8/18,2010096,"[4, 9, 24, 30, 35]","[1, 10]"
496,2010/8/21,2010097,"[9, 17, 21, 28, 29]","[2, 8]"
497,2010/8/23,2010098,"[2, 3, 12, 13, 25]","[1, 7]"
498,2010/8/25,2010099,"[3, 11, 17, 21, 30]","[1, 8]"
499,2010/8/28,2010100,"[19, 20, 30, 33, 35]","[6, 8]"
500,2010/8/30,2010101,"[11, 15, 22, 27, 35]","[5, 8]"
501,2010/9/1,2010102,"[4, 15, 19, 24, 35]","[1, 10]"
502,2010/9/4,2010103,"[10, 14, 29, 30, 35]","[5, 8]"
503,2010/9/6,2010104,"[14, 25, 30, 32, 33]","[1, 11]"
504,2010/9/8,2010105,"[5, 17, 26, 27, 35]","[8, 9]"
505,2010/9/11,2010106,"[5, 27, 28, 29, 34]","[9, 12]"
506,2010/9/13,2010107,"[14, 17, 22, 27, 34]","[3, 5]"
507,2010/9/15,2010108,"[1, 10, 13, 19, 34]","[9, 12]"
508,2010/9/18,2010109,"[1, 2, 8, 11, 25]","[10, 12]"
509,2010/9/20,2010110,"[21, 29, 30, 33, 35]","[7, 11]"
510,2010/9/22,2010111,"[3, 6, 13, 14, 29]","[1, 2]"
511,2010/9/25,2010112,"[14, 15, 18, 34, 35]","[8, 10]"
512,2010/9/27,2010113,"[5, 16, 22, 23, 32]","[4, 10]"
513,2010/9/29,2010114,"[3, 7, 22, 25, 35]","[3, 11]"
514,2010/10/2,2010115,"[5, 7, 10, 15, 32]","[3, 8]"
515,2010/10/4,2010116,"[14, 22, 27, 28, 35]","[4, 10]"
516,2010/10/6,2010117,"[4, 6, 21, 27, 34]","[5, 9]"
517,2010/10/9,2010118,"[19, 22, 23, 29, 35]","[8, 10]"
518,2010/10/11,2010119,"[5, 13, 14, 23, 26]","[2, 3]"
519,2010/10/13,2010120,"[8, 10, 18, 34, 35]","[6, 10]"
520,2010/10/16,2010121,"[21, 22, 31, 32, 34]","[2, 12]"
521,2010/10/18,2010122,"[5, 6, 11, 13, 26]","[2, 7]"
522,2010/10/20,2010123,"[18, 20, 30, 32, 33]","[1, 11]"
523,2010/10/23,2010124,"[1, 9, 27, 29, 34]","[1, 6]"
524,2010/10/25,2010125,"[1, 7, 9, 14, 19]","[9, 12]"
525,2010/10/27,2010126,"[3, 5, 9, 13, 33]","[5, 11]"
526,2010/10/30,2010127,"[3, 22, 24, 30, 33]","[4, 10]"
527,2010/11/1,2010128,"[6, 17, 19, 29, 35]","[2, 8]"
528,2010/11/3,2010129,"[14, 15, 24, 25, 26]","[3, 7]"
529,2010/11/6,2010130,"[5, 6, 9, 10, 34]","[8, 11]"
530,2010/11/8,2010131,"[10, 15, 22, 28, 29]","[4, 12]"
531,2010/11/10,2010132,"[18, 21, 23, 25, 29]","[6, 11]"
532,2010/11/13,2010133,"[11, 16, 17, 21, 22]","[3, 6]"
533,2010/11/15,2010134,"[9, 12, 13, 19, 30]","[4, 5]"
534,2010/11/17,2010135,"[14, 17, 19, 26, 32]","[3, 4]"
535,2010/11/20,2010136,"[3, 13, 18, 30, 33]","[7, 8]"
536,2010/11/22,2010137,"[22, 27, 28, 33, 35]","[9, 11]"
537,2010/11/24,2010138,"[8, 12, 14, 19, 27]","[5, 6]"
538,2010/11/27,2010139,"[3, 13, 16, 19, 29]","[7, 9]"
539,2010/11/29,2010140,"[6, 18, 20, 30, 31]","[3, 6]"
540,2010/12/1,2010141,"[5, 11, 17, 23, 33]","[3, 10]"
541,2010/12/4,2010142,"[10, 11, 19, 21, 27]","[4, 6]"
542,2010/12/6,2010143,"[10, 16, 18, 22, 27]","[6, 8]"
543,2010/12/8,2010144,"[2, 11, 16, 22, 31]","[10, 11]"
544,2010/12/11,2010145,"[18, 19, 27, 28, 33]","[3, 6]"
545,2010/12/13,2010146,"[14, 17, 30, 31, 34]","[4, 10]"
546,2010/12/15,2010147,"[1, 15, 19, 21, 23]","[11, 12]"
547,2010/12/18,2010148,"[3, 4, 8, 10, 35]","[2, 6]"
548,2010/12/20,2010149,"[5, 22, 24, 25, 30]","[1, 6]"
549,2010/12/22,2010150,"[5, 24, 28, 29, 35]","[1, 9]"
550,2010/12/25,2010151,"[1, 10, 32, 33, 35]","[3, 8]"
551,2010/12/27,2010152,"[2, 5, 18, 22, 23]","[7, 12]"
552,2010/12/29,2010153,"[6, 7, 16, 24, 35]","[4, 6]"
553,2011/1/1,2011001,"[7, 8, 15, 32, 34]","[5, 12]"
554,2011/1/3,2011002,"[11, 13, 27, 28, 29]","[2, 6]"
555,2011/1/5,2011003,"[1, 24, 27, 30, 31]","[1, 6]"
556,2011/1/8,2011004,"[7, 8, 10, 23, 25]","[7, 9]"
557,2011/1/10,2011005,"[1, 7, 25, 27, 30]","[7, 12]"
558,2011/1/12,2011006,"[2, 8, 16, 26, 35]","[11, 12]"
559,2011/1/15,2011007,"[14, 24, 32, 33, 35]","[2, 9]"
560,2011/1/17,2011008,"[1, 23, 26, 27, 30]","[5, 6]"
561,2011/1/19,2011009,"[9, 10, 11, 14, 24]","[3, 8]"
562,2011/1/22,2011010,"[4, 8, 10, 14, 27]","[5, 7]"
563,2011/1/24,2011011,"[2, 17, 23, 24, 30]","[2, 9]"
564,2011/1/26,2011012,"[3, 12, 19, 25, 30]","[8, 11]"
565,2011/1/29,2011013,"[5, 8, 14, 28, 30]","[4, 6]"
566,2011/1/31,2011014,"[2, 14, 20, 21, 24]","[2, 9]"
567,2011/2/9,2011015,"[8, 18, 19, 22, 23]","[1, 3]"
568,2011/2/12,2011016,"[15, 20, 30, 33, 35]","[6, 9]"
569,2011/2/14,2011017,"[16, 19, 24, 26, 31]","[2, 4]"
570,2011/2/16,2011018,"[16, 22, 24, 32, 34]","[2, 10]"
571,2011/2/19,2011019,"[8, 21, 23, 27, 33]","[6, 11]"
572,2011/2/21,2011020,"[9, 12, 19, 22, 28]","[1, 5]"
573,2011/2/23,2011021,"[1, 9, 13, 17, 30]","[2, 8]"
574,2011/2/26,2011022,"[9, 14, 24, 25, 34]","[1, 4]"
575,2011/2/28,2011023,"[5, 13, 16, 18, 24]","[2, 12]"
576,2011/3/2,2011024,"[12, 15, 16, 20, 33]","[8, 12]"
577,2011/3/5,2011025,"[8, 9, 25, 28, 29]","[2, 10]"
578,2011/3/7,2011026,"[1, 9, 15, 20, 29]","[7, 9]"
579,2011/3/9,2011027,"[5, 14, 25, 34, 35]","[2, 5]"
580,2011/3/12,2011028,"[1, 2, 13, 17, 28]","[1, 4]"
581,2011/3/14,2011029,"[3, 9, 17, 24, 28]","[6, 12]"
582,2011/3/16,2011030,"[15, 19, 25, 30, 33]","[3, 8]"
583,2011/3/19,2011031,"[12, 17, 19, 22, 35]","[4, 11]"
584,2011/3/21,2011032,"[7, 16, 23, 31, 33]","[3, 10]"
585,2011/3/23,2011033,"[3, 19, 24, 29, 33]","[3, 9]"
586,2011/3/26,2011034,"[3, 6, 9, 17, 27]","[3, 9]"
587,2011/3/28,2011035,"[3, 4, 13, 15, 32]","[4, 9]"
588,2011/3/30,2011036,"[3, 18, 29, 30, 33]","[8, 9]"
589,2011/4/2,2011037,"[1, 12, 14, 22, 24]","[10, 12]"
590,2011/4/4,2011038,"[7, 9, 11, 13, 33]","[10, 12]"
591,2011/4/6,2011039,"[1, 11, 14, 22, 34]","[6, 8]"
592,2011/4/9,2011040,"[3, 7, 15, 18, 20]","[1, 6]"
593,2011/4/11,2011041,"[4, 5, 11, 13, 25]","[3, 6]"
594,2011/4/13,2011042,"[6, 9, 18, 30, 32]","[10, 12]"
595,2011/4/16,2011043,"[2, 8, 23, 33, 35]","[5, 10]"
596,2011/4/18,2011044,"[11, 21, 24, 26, 31]","[6, 7]"
597,2011/4/20,2011045,"[13, 21, 22, 29, 31]","[7, 11]"
598,2011/4/23,2011046,"[9, 15, 16, 19, 29]","[4, 6]"
599,2011/4/25,2011047,"[2, 15, 22, 33, 35]","[5, 8]"
600,2011/4/27,2011048,"[13, 17, 25, 27, 28]","[2, 3]"
601,2011/4/30,2011049,"[5, 6, 10, 22, 25]","[1, 9]"
602,2011/5/2,2011050,"[4, 7, 29, 32, 33]","[8, 10]"
603,2011/5/4,2011051,"[6, 8, 12, 17, 18]","[5, 10]"
604,2011/5/7,2011052,"[13, 24, 31, 32, 33]","[3, 9]"
605,2011/5/9,2011053,"[3, 16, 28, 31, 32]","[1, 9]"
606,2011/5/11,2011054,"[5, 9, 16, 26, 35]","[3, 10]"
607,2011/5/14,2011055,"[1, 7, 31, 32, 35]","[2, 10]"
608,2011/5/16,2011056,"[3, 5, 29, 30, 31]","[8, 10]"
609,2011/5/18,2011057,"[7, 11, 30, 31, 34]","[9, 12]"
610,2011/5/21,2011058,"[1, 9, 27, 32, 33]","[3, 6]"
611,2011/5/23,2011059,"[9, 16, 21, 29, 34]","[7, 10]"
612,2011/5/25,2011060,"[3, 25, 29, 32, 34]","[9, 10]"
613,2011/5/28,2011061,"[6, 7, 16, 18, 20]","[4, 10]"
614,2011/5/30,2011062,"[6, 10, 17, 20, 21]","[3, 7]"
615,2011/6/1,2011063,"[10, 17, 18, 26, 32]","[1, 5]"
616,2011/6/4,2011064,"[1, 6, 27, 30, 34]","[1, 6]"
617,2011/6/6,2011065,"[3, 11, 14, 25, 34]","[1, 4]"
618,2011/6/8,2011066,"[6, 13, 18, 20, 33]","[9, 10]"
619,2011/6/11,2011067,"[10, 17, 22, 24, 32]","[3, 10]"
620,2011/6/13,2011068,"[1, 13, 16, 18, 32]","[7, 9]"
621,2011/6/15,2011069,"[3, 5, 28, 29, 33]","[4, 12]"
622,2011/6/18,2011070,"[9, 19, 22, 29, 30]","[2, 8]"
623,2011/6/20,2011071,"[27, 31, 33, 34, 35]","[4, 6]"
624,2011/6/22,2011072,"[3, 11, 13, 20, 35]","[3, 8]"
625,2011/6/25,2011073,"[13, 19, 20, 22, 33]","[5, 11]"
626,2011/6/27,2011074,"[7, 16, 23, 28, 31]","[3, 6]"
627,2011/6/29,2011075,"[6, 9, 20, 23, 28]","[6, 10]"
628,2011/7/2,2011076,"[18, 23, 25, 29, 30]","[1, 2]"
629,2011/7/4,2011077,"[5, 8, 19, 33, 34]","[1, 12]"
630,2011/7/6,2011078,"[4, 9, 16, 27, 30]","[2, 6]"
631,2011/7/9,2011079,"[1, 3, 23, 30, 31]","[2, 10]"
632,2011/7/11,2011080,"[5, 12, 30, 31, 32]","[1, 3]"
633,2011/7/13,2011081,"[4, 13, 20, 21, 35]","[2, 9]"
634,2011/7/16,2011082,"[7, 20, 25, 30, 32]","[5, 9]"
635,2011/7/18,2011083,"[6, 8, 18, 20, 24]","[4, 8]"
636,2011/7/20,2011084,"[14, 29, 31, 34, 35]","[1, 12]"
637,2011/7/23,2011085,"[2, 17, 19, 21, 22]","[3, 10]"
638,2011/7/25,2011086,"[4, 5, 6, 9, 15]","[1, 6]"
639,2011/7/27,2011087,"[6, 13, 20, 25, 34]","[7, 9]"
640,2011/7/30,2011088,"[20, 21, 27, 29, 35]","[3, 8]"
641,2011/8/1,2011089,"[5, 6, 23, 27, 34]","[3, 4]"
642,2011/8/3,2011090,"[2, 4, 29, 30, 34]","[5, 8]"
643,2011/8/6,2011091,"[11, 17, 23, 29, 30]","[6, 8]"
644,2011/8/8,2011092,"[10, 17, 19, 32, 33]","[1, 12]"
645,2011/8/10,2011093,"[4, 6, 8, 19, 31]","[10, 11]"
646,2011/8/13,2011094,"[11, 21, 22, 32, 34]","[4, 8]"
647,2011/8/15,2011095,"[9, 12, 17, 19, 29]","[6, 11]"
648,2011/8/17,2011096,"[3, 8, 20, 24, 25]","[1, 2]"
649,2011/8/20,2011097,"[4, 19, 28, 31, 33]","[11, 12]"
650,2011/8/22,2011098,"[6, 7, 28, 33, 35]","[1, 10]"
651,2011/8/24,2011099,"[2, 6, 9, 12, 20]","[5, 8]"
652,2011/8/27,2011100,"[8, 11, 13, 28, 33]","[8, 9]"
653,2011/8/29,2011101,"[5, 12, 20, 28, 30]","[3, 7]"
654,2011/8/31,2011102,"[19, 24, 28, 31, 34]","[4, 12]"
655,2011/9/3,2011103,"[3, 4, 26, 29, 34]","[1, 3]"
656,2011/9/5,2011104,"[7, 19, 27, 28, 34]","[2, 5]"
657,2011/9/7,2011105,"[2, 11, 26, 32, 33]","[5, 12]"
658,2011/9/10,2011106,"[1, 9, 29, 30, 35]","[5, 9]"
659,2011/9/12,2011107,"[2, 6, 18, 30, 32]","[1, 8]"
660,2011/9/14,2011108,"[7, 15, 18, 24, 28]","[1, 7]"
661,2011/9/17,2011109,"[1, 11, 12, 22, 34]","[8, 10]"
662,2011/9/19,2011110,"[30, 31, 33, 34, 35]","[4, 7]"
663,2011/9/21,2011111,"[2, 11, 13, 23, 31]","[11, 12]"
664,2011/9/24,2011112,"[6, 17, 28, 32, 33]","[8, 12]"
665,2011/9/26,2011113,"[4, 5, 7, 10, 12]","[4, 5]"
666,2011/9/28,2011114,"[6, 8, 17, 27, 35]","[2, 11]"
667,2011/10/1,2011115,"[17, 26, 30, 31, 35]","[6, 11]"
668,2011/10/3,2011116,"[10, 15, 18, 19, 26]","[7, 12]"
669,2011/10/5,2011117,"[10, 12, 28, 32, 33]","[3, 5]"
670,2011/10/8,2011118,"[4, 7, 11, 32, 35]","[5, 7]"
671,2011/10/10,2011119,"[4, 15, 20, 26, 31]","[6, 12]"
672,2011/10/12,2011120,"[20, 25, 26, 30, 31]","[9, 10]"
673,2011/10/15,2011121,"[2, 3, 30, 31, 33]","[3, 9]"
674,2011/10/17,2011122,"[3, 8, 23, 24, 34]","[5, 12]"
675,2011/10/19,2011123,"[10, 14, 18, 19, 35]","[1, 6]"
676,2011/10/22,2011124,"[8, 12, 14, 20, 25]","[6, 8]"
677,2011/10/24,2011125,"[7, 10, 27, 34, 35]","[10, 12]"
678,2011/10/26,2011126,"[7, 17, 29, 30, 33]","[10, 12]"
679,2011/10/29,2011127,"[1, 11, 22, 26, 29]","[5, 8]"
680,2011/10/31,2011128,"[3, 4, 6, 11, 13]","[1, 2]"
681,2011/11/2,2011129,"[1, 7, 13, 18, 23]","[4, 8]"
682,2011/11/5,2011130,"[8, 9, 13, 23, 35]","[11, 12]"
683,2011/11/7,2011131,"[3, 5, 12, 18, 33]","[7, 11]"
684,2011/11/9,2011132,"[12, 14, 16, 19, 33]","[2, 9]"
685,2011/11/12,2011133,"[4, 11, 23, 26, 35]","[3, 12]"
686,2011/11/14,2011134,"[1, 10, 12, 14, 17]","[9, 10]"
687,2011/11/16,2011135,"[6, 22, 29, 33, 35]","[3, 12]"
688,2011/11/19,2011136,"[8, 9, 11, 19, 33]","[3, 12]"
689,2011/11/21,2011137,"[2, 15, 18, 23, 31]","[1, 2]"
690,2011/11/23,2011138,"[17, 23, 26, 30, 32]","[6, 12]"
691,2011/11/26,2011139,"[4, 6, 10, 15, 16]","[3, 4]"
692,2011/11/28,2011140,"[1, 12, 32, 33, 34]","[9, 11]"
693,2011/11/30,2011141,"[2, 11, 19, 22, 35]","[10, 12]"
694,2011/12/3,2011142,"[4, 26, 30, 33, 34]","[4, 6]"
695,2011/12/5,2011143,"[8, 9, 12, 25, 33]","[7, 10]"
696,2011/12/7,2011144,"[7, 18, 24, 28, 33]","[2, 3]"
697,2011/12/10,2011145,"[7, 15, 19, 24, 29]","[4, 6]"
698,2011/12/12,2011146,"[9, 13, 19, 29, 34]","[2, 11]"
699,2011/12/14,2011147,"[1, 15, 16, 27, 28]","[2, 7]"
700,2011/12/17,2011148,"[7, 10, 11, 26, 31]","[3, 4]"
701,2011/12/19,2011149,"[2, 7, 12, 29, 31]","[3, 5]"
702,2011/12/21,2011150,"[13, 22, 30, 33, 34]","[6, 12]"
703,2011/12/24,2011151,"[7, 11, 14, 20, 27]","[3, 10]"
704,2011/12/26,2011152,"[1, 4, 6, 21, 35]","[2, 11]"
705,2011/12/28,2011153,"[6, 22, 29, 30, 35]","[3, 5]"
706,2011/12/31,2011154,"[4, 12, 16, 20, 28]","[8, 11]"
707,2012/1/2,2012001,"[7, 27, 28, 32, 33]","[1, 12]"
708,2012/1/4,2012002,"[3, 11, 14, 26, 29]","[7, 8]"
709,2012/1/7,2012003,"[16, 22, 24, 33, 34]","[3, 10]"
710,2012/1/9,2012004,"[10, 11, 22, 31, 32]","[6, 7]"
711,2012/1/11,2012005,"[1, 2, 29, 31, 33]","[7, 12]"
712,2012/1/14,2012006,"[3, 20, 22, 25, 27]","[1, 9]"
713,2012/1/16,2012007,"[4, 5, 13, 17, 25]","[7, 10]"
714,2012/1/18,2012008,"[6, 8, 30, 31, 32]","[1, 11]"
715,2012/1/21,2012009,"[6, 14, 20, 29, 35]","[9, 10]"
716,2012/1/30,2012010,"[25, 26, 29, 32, 34]","[5, 7]"
717,2012/2/1,2012011,"[5, 19, 22, 29, 30]","[2, 4]"
718,2012/2/4,2012012,"[6, 18, 22, 30, 35]","[2, 7]"
719,2012/2/6,2012013,"[7, 8, 11, 12, 24]","[1, 2]"
720,2012/2/8,2012014,"[10, 14, 24, 30, 32]","[1, 12]"
721,2012/2/11,2012015,"[12, 13, 24, 26, 33]","[6, 8]"
722,2012/2/13,2012016,"[5, 14, 20, 29, 31]","[8, 12]"
723,2012/2/15,2012017,"[6, 11, 22, 29, 34]","[3, 12]"
724,2012/2/18,2012018,"[3, 10, 14, 29, 31]","[4, 8]"
725,2012/2/20,2012019,"[7, 9, 17, 30, 34]","[1, 12]"
726,2012/2/22,2012020,"[12, 14, 27, 29, 34]","[3, 6]"
727,2012/2/25,2012021,"[10, 15, 21, 31, 34]","[7, 8]"
728,2012/2/27,2012022,"[7, 12, 20, 33, 35]","[1, 10]"
729,2012/2/29,2012023,"[7, 9, 17, 29, 35]","[9, 10]"
730,2012/3/3,2012024,"[3, 11, 17, 21, 30]","[3, 7]"
731,2012/3/5,2012025,"[1, 2, 5, 12, 27]","[4, 7]"
732,2012/3/7,2012026,"[10, 11, 22, 23, 29]","[2, 9]"
733,2012/3/10,2012027,"[3, 10, 11, 22, 31]","[5, 7]"
734,2012/3/12,2012028,"[10, 12, 15, 33, 34]","[3, 10]"
735,2012/3/14,2012029,"[4, 7, 8, 18, 29]","[7, 10]"
736,2012/3/17,2012030,"[3, 21, 22, 26, 32]","[1, 3]"
737,2012/3/19,2012031,"[19, 21, 23, 25, 30]","[3, 8]"
738,2012/3/21,2012032,"[7, 8, 16, 26, 34]","[7, 11]"
739,2012/3/24,2012033,"[8, 13, 19, 27, 32]","[1, 8]"
740,2012/3/26,2012034,"[1, 8, 15, 16, 29]","[8, 9]"
741,2012/3/28,2012035,"[1, 4, 30, 32, 35]","[8, 12]"
742,2012/3/31,2012036,"[1, 9, 20, 30, 31]","[8, 12]"
743,2012/4/2,2012037,"[9, 13, 27, 31, 35]","[3, 10]"
744,2012/4/4,2012038,"[11, 23, 25, 31, 35]","[1, 3]"
745,2012/4/7,2012039,"[15, 21, 22, 24, 35]","[1, 5]"
746,2012/4/9,2012040,"[2, 13, 23, 28, 29]","[1, 5]"
747,2012/4/11,2012041,"[1, 2, 13, 22, 23]","[2, 10]"
748,2012/4/14,2012042,"[7, 24, 27, 28, 35]","[7, 12]"
749,2012/4/16,2012043,"[1, 6, 25, 31, 34]","[3, 9]"
750,2012/4/18,2012044,"[3, 4, 14, 32, 35]","[1, 2]"
751,2012/4/21,2012045,"[5, 11, 17, 20, 28]","[11, 12]"
752,2012/4/23,2012046,"[4, 8, 19, 23, 27]","[4, 11]"
753,2012/4/25,2012047,"[5, 7, 17, 30, 34]","[3, 10]"
754,2012/4/28,2012048,"[6, 9, 26, 30, 35]","[5, 6]"
755,2012/4/30,2012049,"[9, 18, 22, 27, 31]","[10, 12]"
756,2012/5/2,2012050,"[13, 17, 22, 28, 29]","[1, 10]"
757,2012/5/5,2012051,"[1, 2, 17, 18, 33]","[5, 12]"
758,2012/5/7,2012052,"[10, 20, 26, 31, 33]","[10, 12]"
759,2012/5/9,2012053,"[11, 12, 26, 28, 31]","[7, 12]"
760,2012/5/12,2012054,"[1, 16, 18, 27, 30]","[10, 11]"
761,2012/5/14,2012055,"[7, 22, 26, 32, 33]","[1, 8]"
762,2012/5/16,2012056,"[11, 21, 23, 26, 34]","[7, 9]"
763,2012/5/19,2012057,"[1, 2, 14, 33, 34]","[3, 5]"
764,2012/5/21,2012058,"[13, 21, 29, 31, 35]","[4, 12]"
765,2012/5/23,2012059,"[9, 13, 19, 21, 27]","[3, 4]"
766,2012/5/26,2012060,"[2, 16, 21, 24, 30]","[6, 10]"
767,2012/5/28,2012061,"[5, 10, 14, 27, 33]","[7, 9]"
768,2012/5/30,2012062,"[21, 32, 33, 34, 35]","[8, 9]"
769,2012/6/2,2012063,"[11, 25, 26, 29, 35]","[1, 2]"
770,2012/6/4,2012064,"[9, 12, 13, 15, 30]","[9, 10]"
771,2012/6/6,2012065,"[10, 22, 28, 29, 34]","[5, 11]"
772,2012/6/9,2012066,"[1, 20, 25, 29, 33]","[4, 6]"
773,2012/6/11,2012067,"[20, 22, 27, 30, 33]","[1, 2]"
774,2012/6/13,2012068,"[1, 21, 31, 32, 35]","[3, 6]"
775,2012/6/16,2012069,"[2, 4, 22, 25, 34]","[2, 11]"
776,2012/6/18,2012070,"[9, 22, 23, 32, 34]","[6, 8]"
777,2012/6/20,2012071,"[13, 23, 29, 31, 34]","[6, 8]"
778,2012/6/23,2012072,"[4, 8, 17, 22, 25]","[4, 10]"
779,2012/6/25,2012073,"[18, 23, 29, 33, 34]","[2, 7]"
780,2012/6/27,2012074,"[10, 22, 23, 30, 32]","[1, 7]"
781,2012/6/30,2012075,"[7, 9, 10, 18, 22]","[5, 10]"
782,2012/7/2,2012076,"[2, 14, 16, 22, 24]","[2, 5]"
783,2012/7/4,2012077,"[10, 30, 32, 33, 34]","[2, 3]"
784,2012/7/7,2012078,"[1, 2, 23, 25, 35]","[5, 12]"
785,2012/7/9,2012079,"[1, 5, 25, 32, 33]","[1, 10]"
786,2012/7/11,2012080,"[11, 12, 14, 25, 28]","[2, 5]"
787,2012/7/14,2012081,"[10, 16, 17, 30, 35]","[1, 8]"
788,2012/7/16,2012082,"[2, 4, 9, 10, 15]","[8, 10]"
789,2012/7/18,2012083,"[16, 19, 28, 29, 31]","[5, 8]"
790,2012/7/21,2012084,"[21, 24, 27, 29, 31]","[1, 2]"
791,2012/7/23,2012085,"[7, 18, 29, 31, 33]","[10, 12]"
792,2012/7/25,2012086,"[3, 20, 25, 29, 32]","[5, 10]"
793,2012/7/28,2012087,"[1, 6, 7, 21, 31]","[4, 11]"
794,2012/7/30,2012088,"[13, 17, 24, 30, 35]","[2, 10]"
795,2012/8/1,2012089,"[6, 12, 21, 29, 32]","[6, 11]"
796,2012/8/4,2012090,"[2, 21, 27, 29, 33]","[2, 10]"
797,2012/8/6,2012091,"[3, 10, 28, 31, 33]","[1, 9]"
798,2012/8/8,2012092,"[8, 9, 23, 25, 31]","[2, 12]"
799,2012/8/11,2012093,"[2, 16, 21, 31, 33]","[4, 11]"
800,2012/8/13,2012094,"[2, 14, 23, 32, 35]","[1, 10]"
801,2012/8/15,2012095,"[6, 9, 22, 27, 30]","[8, 12]"
802,2012/8/18,2012096,"[5, 10, 19, 24, 35]","[8, 9]"
803,2012/8/20,2012097,"[9, 17, 24, 29, 32]","[1, 2]"
804,2012/8/22,2012098,"[2, 11, 28, 29, 30]","[6, 12]"
805,2012/8/25,2012099,"[12, 18, 24, 25, 32]","[2, 12]"
806,2012/8/27,2012100,"[7, 9, 13, 19, 27]","[1, 3]"
807,2012/8/29,2012101,"[2, 5, 8, 9, 31]","[3, 7]"
808,2012/9/1,2012102,"[2, 4, 6, 13, 35]","[4, 8]"
809,2012/9/3,2012103,"[2, 9, 18, 23, 24]","[1, 4]"
810,2012/9/5,2012104,"[16, 18, 24, 25, 27]","[4, 9]"
811,2012/9/8,2012105,"[5, 6, 14, 15, 31]","[6, 8]"
812,2012/9/10,2012106,"[15, 23, 25, 29, 31]","[9, 10]"
813,2012/9/12,2012107,"[4, 7, 9, 22, 33]","[1, 3]"
814,2012/9/15,2012108,"[6, 7, 12, 24, 35]","[2, 6]"
815,2012/9/17,2012109,"[1, 22, 30, 32, 35]","[9, 11]"
816,2012/9/19,2012110,"[1, 11, 17, 19, 26]","[5, 12]"
817,2012/9/22,2012111,"[1, 24, 25, 30, 33]","[4, 11]"
818,2012/9/24,2012112,"[1, 2, 28, 31, 35]","[5, 7]"
819,2012/9/26,2012113,"[3, 10, 22, 27, 29]","[3, 12]"
820,2012/9/29,2012114,"[3, 6, 21, 33, 35]","[1, 7]"
821,2012/10/1,2012115,"[1, 6, 13, 19, 23]","[6, 9]"
822,2012/10/3,2012116,"[1, 11, 18, 20, 22]","[7, 10]"
823,2012/10/6,2012117,"[1, 12, 18, 21, 33]","[7, 8]"
824,2012/10/8,2012118,"[5, 17, 25, 30, 33]","[1, 12]"
825,2012/10/10,2012119,"[5, 6, 9, 19, 32]","[6, 9]"
826,2012/10/13,2012120,"[2, 10, 21, 23, 29]","[3, 4]"
827,2012/10/15,2012121,"[7, 18, 20, 29, 30]","[5, 6]"
828,2012/10/17,2012122,"[23, 24, 25, 29, 31]","[3, 12]"
829,2012/10/20,2012123,"[5, 8, 18, 30, 33]","[1, 9]"
830,2012/10/22,2012124,"[7, 11, 19, 20, 35]","[5, 10]"
831,2012/10/24,2012125,"[6, 14, 17, 22, 35]","[1, 2]"
832,2012/10/27,2012126,"[13, 14, 21, 28, 29]","[5, 10]"
833,2012/10/29,2012127,"[12, 13, 14, 25, 35]","[10, 12]"
834,2012/10/31,2012128,"[9, 10, 19, 30, 31]","[4, 11]"
835,2012/11/3,2012129,"[1, 7, 21, 28, 31]","[3, 9]"
836,2012/11/5,2012130,"[14, 19, 23, 29, 30]","[6, 7]"
837,2012/11/7,2012131,"[2, 16, 18, 27, 30]","[8, 12]"
838,2012/11/10,2012132,"[5, 8, 21, 25, 33]","[1, 11]"
839,2012/11/12,2012133,"[5, 7, 13, 29, 30]","[1, 5]"
840,2012/11/14,2012134,"[1, 6, 18, 32, 35]","[2, 7]"
841,2012/11/17,2012135,"[3, 5, 17, 18, 33]","[6, 7]"
842,2012/11/19,2012136,"[2, 23, 29, 30, 31]","[1, 4]"
843,2012/11/21,2012137,"[3, 12, 20, 21, 27]","[1, 6]"
844,2012/11/24,2012138,"[13, 17, 27, 31, 33]","[6, 12]"
845,2012/11/26,2012139,"[9, 10, 12, 22, 25]","[4, 11]"
846,2012/11/28,2012140,"[7, 17, 27, 28, 29]","[9, 10]"
847,2012/12/1,2012141,"[3, 11, 19, 23, 34]","[2, 12]"
848,2012/12/3,2012142,"[15, 19, 29, 34, 35]","[7, 10]"
849,2012/12/5,2012143,"[9, 27, 29, 30, 31]","[3, 6]"
850,2012/12/8,2012144,"[11, 13, 14, 21, 29]","[1, 10]"
851,2012/12/10,2012145,"[5, 22, 31, 33, 35]","[6, 9]"
852,2012/12/12,2012146,"[1, 10, 13, 17, 26]","[6, 8]"
853,2012/12/15,2012147,"[2, 3, 17, 19, 33]","[2, 9]"
854,2012/12/17,2012148,"[4, 16, 27, 29, 34]","[6, 11]"
855,2012/12/19,2012149,"[2, 10, 23, 33, 34]","[5, 10]"
856,2012/12/22,2012150,"[2, 14, 18, 24, 31]","[2, 3]"
857,2012/12/24,2012151,"[3, 19, 20, 24, 33]","[3, 4]"
858,2012/12/26,2012152,"[4, 17, 26, 33, 34]","[2, 8]"
859,2012/12/29,2012153,"[8, 9, 10, 13, 22]","[5, 10]"
860,2012/12/31,2012154,"[3, 26, 27, 31, 32]","[3, 9]"
861,2013/1/2,2013001,"[6, 9, 11, 31, 32]","[5, 11]"
862,2013/1/5,2013002,"[4, 20, 27, 31, 32]","[6, 12]"
863,2013/1/7,2013003,"[1, 16, 18, 21, 31]","[9, 12]"
864,2013/1/9,2013004,"[7, 8, 12, 20, 25]","[3, 7]"
865,2013/1/12,2013005,"[18, 22, 26, 28, 31]","[10, 12]"
866,2013/1/14,2013006,"[8, 20, 25, 31, 32]","[5, 7]"
867,2013/1/16,2013007,"[14, 29, 32, 33, 34]","[3, 6]"
868,2013/1/19,2013008,"[2, 7, 25, 29, 34]","[3, 6]"
869,2013/1/21,2013009,"[10, 17, 19, 27, 29]","[5, 12]"
870,2013/1/23,2013010,"[9, 15, 17, 18, 29]","[9, 11]"
871,2013/1/26,2013011,"[1, 2, 8, 15, 23]","[6, 9]"
872,2013/1/28,2013012,"[1, 14, 31, 32, 34]","[2, 11]"
873,2013/1/30,2013013,"[13, 15, 29, 30, 35]","[1, 11]"
874,2013/2/2,2013014,"[5, 8, 25, 29, 31]","[2, 4]"
875,2013/2/4,2013015,"[14, 15, 26, 32, 33]","[1, 11]"
876,2013/2/6,2013016,"[5, 15, 19, 27, 32]","[8, 9]"
877,2013/2/16,2013017,"[11, 14, 22, 29, 34]","[5, 11]"
878,2013/2/18,2013018,"[20, 23, 31, 33, 34]","[3, 9]"
879,2013/2/20,2013019,"[6, 12, 17, 29, 30]","[7, 11]"
880,2013/2/23,2013020,"[6, 11, 20, 31, 32]","[5, 9]"
881,2013/2/25,2013021,"[23, 24, 28, 30, 33]","[1, 11]"
882,2013/2/27,2013022,"[3, 4, 13, 17, 23]","[3, 8]"
883,2013/3/2,2013023,"[5, 19, 24, 26, 35]","[5, 7]"
884,2013/3/4,2013024,"[9, 12, 14, 18, 24]","[1, 4]"
885,2013/3/6,2013025,"[3, 23, 25, 26, 28]","[10, 12]"
886,2013/3/9,2013026,"[2, 10, 16, 30, 33]","[5, 6]"
887,2013/3/11,2013027,"[3, 12, 14, 24, 35]","[3, 8]"
888,2013/3/13,2013028,"[13, 19, 28, 30, 34]","[8, 12]"
889,2013/3/16,2013029,"[5, 7, 17, 25, 26]","[4, 10]"
890,2013/3/18,2013030,"[3, 5, 9, 10, 28]","[5, 7]"
891,2013/3/20,2013031,"[12, 17, 18, 26, 32]","[10, 11]"
892,2013/3/23,2013032,"[12, 27, 28, 33, 35]","[1, 8]"
893,2013/3/25,2013033,"[12, 18, 22, 28, 31]","[1, 11]"
894,2013/3/27,2013034,"[1, 3, 11, 19, 29]","[4, 8]"
895,2013/3/30,2013035,"[5, 14, 28, 32, 34]","[7, 8]"
896,2013/4/1,2013036,"[8, 12, 32, 33, 35]","[3, 5]"
897,2013/4/3,2013037,"[2, 26, 31, 32, 34]","[6, 8]"
898,2013/4/6,2013038,"[1, 19, 24, 25, 26]","[7, 9]"
899,2013/4/8,2013039,"[6, 23, 30, 33, 35]","[7, 10]"
900,2013/4/10,2013040,"[16, 17, 22, 26, 35]","[3, 10]"
901,2013/4/13,2013041,"[3, 13, 14, 15, 34]","[5, 8]"
902,2013/4/15,2013042,"[2, 6, 22, 23, 33]","[1, 6]"
903,2013/4/17,2013043,"[7, 13, 25, 34, 35]","[7, 9]"
904,2013/4/20,2013044,"[7, 11, 13, 18, 28]","[5, 10]"
905,2013/4/22,2013045,"[8, 11, 12, 21, 25]","[2, 7]"
906,2013/4/24,2013046,"[15, 16, 19, 25, 32]","[5, 11]"
907,2013/4/27,2013047,"[12, 20, 28, 30, 35]","[3, 11]"
908,2013/4/29,2013048,"[10, 11, 23, 32, 33]","[1, 4]"
909,2013/5/1,2013049,"[18, 22, 25, 31, 32]","[4, 6]"
910,2013/5/4,2013050,"[14, 22, 30, 32, 33]","[7, 8]"
911,2013/5/6,2013051,"[5, 8, 15, 18, 33]","[7, 8]"
912,2013/5/8,2013052,"[1, 2, 10, 29, 31]","[1, 10]"
913,2013/5/11,2013053,"[13, 31, 33, 34, 35]","[5, 7]"
914,2013/5/13,2013054,"[5, 8, 21, 30, 32]","[1, 8]"
915,2013/5/15,2013055,"[4, 5, 22, 23, 24]","[3, 9]"
916,2013/5/18,2013056,"[11, 22, 30, 32, 35]","[3, 4]"
917,2013/5/20,2013057,"[7, 15, 27, 33, 35]","[7, 10]"
918,2013/5/22,2013058,"[20, 21, 27, 31, 35]","[7, 11]"
919,2013/5/25,2013059,"[3, 8, 11, 24, 27]","[7, 12]"
920,2013/5/27,2013060,"[15, 25, 26, 32, 35]","[5, 10]"
921,2013/5/29,2013061,"[1, 14, 18, 21, 32]","[5, 10]"
922,2013/6/1,2013062,"[1, 5, 8, 9, 12]","[9, 12]"
923,2013/6/3,2013063,"[3, 5, 11, 27, 28]","[5, 6]"
924,2013/6/5,2013064,"[21, 24, 26, 28, 32]","[1, 3]"
925,2013/6/8,2013065,"[9, 28, 31, 34, 35]","[2, 9]"
926,2013/6/10,2013066,"[6, 7, 13, 33, 34]","[2, 11]"
927,2013/6/12,2013067,"[2, 3, 5, 8, 29]","[10, 12]"
928,2013/6/15,2013068,"[10, 17, 27, 34, 35]","[5, 7]"
929,2013/6/17,2013069,"[6, 12, 13, 16, 30]","[7, 12]"
930,2013/6/19,2013070,"[9, 12, 18, 21, 29]","[1, 8]"
931,2013/6/22,2013071,"[13, 19, 26, 27, 28]","[3, 11]"
932,2013/6/24,2013072,"[12, 27, 28, 33, 35]","[3, 5]"
933,2013/6/26,2013073,"[3, 5, 23, 27, 31]","[2, 6]"
934,2013/6/29,2013074,"[6, 14, 20, 24, 32]","[1, 7]"
935,2013/7/1,2013075,"[1, 11, 13, 19, 35]","[7, 8]"
936,2013/7/3,2013076,"[13, 15, 16, 26, 27]","[9, 10]"
937,2013/7/6,2013077,"[24, 26, 30, 32, 35]","[6, 12]"
938,2013/7/8,2013078,"[2, 7, 23, 31, 33]","[2, 8]"
939,2013/7/10,2013079,"[9, 10, 17, 21, 34]","[1, 7]"
940,2013/7/13,2013080,"[6, 21, 23, 27, 31]","[4, 6]"
941,2013/7/15,2013081,"[7, 9, 15, 17, 23]","[2, 7]"
942,2013/7/17,2013082,"[3, 9, 25, 26, 33]","[3, 12]"
943,2013/7/20,2013083,"[26, 29, 30, 32, 35]","[4, 10]"
944,2013/7/22,2013084,"[8, 22, 26, 29, 35]","[1, 5]"
945,2013/7/24,2013085,"[8, 19, 23, 27, 32]","[3, 5]"
946,2013/7/27,2013086,"[9, 16, 26, 29, 31]","[6, 9]"
947,2013/7/29,2013087,"[9, 12, 22, 32, 34]","[2, 4]"
948,2013/7/31,2013088,"[3, 5, 8, 33, 35]","[1, 3]"
949,2013/8/3,2013089,"[6, 7, 23, 24, 29]","[4, 11]"
950,2013/8/5,2013090,"[2, 26, 30, 31, 33]","[11, 12]"
951,2013/8/7,2013091,"[4, 9, 28, 34, 35]","[2, 8]"
952,2013/8/10,2013092,"[7, 10, 21, 27, 33]","[3, 9]"
953,2013/8/12,2013093,"[1, 5, 17, 18, 26]","[5, 7]"
954,2013/8/14,2013094,"[3, 28, 33, 34, 35]","[6, 9]"
955,2013/8/17,2013095,"[3, 17, 28, 30, 33]","[1, 10]"
956,2013/8/19,2013096,"[17, 19, 20, 22, 26]","[6, 8]"
957,2013/8/21,2013097,"[7, 8, 13, 17, 32]","[3, 8]"
958,2013/8/24,2013098,"[2, 6, 16, 29, 34]","[10, 11]"
959,2013/8/26,2013099,"[4, 11, 28, 30, 33]","[5, 12]"
960,2013/8/28,2013100,"[9, 12, 24, 26, 30]","[5, 9]"
961,2013/8/31,2013101,"[4, 9, 13, 15, 32]","[2, 9]"
962,2013/9/2,2013102,"[6, 12, 15, 19, 26]","[2, 11]"
963,2013/9/4,2013103,"[5, 8, 13, 16, 31]","[3, 9]"
964,2013/9/7,2013104,"[2, 5, 11, 27, 29]","[1, 11]"
965,2013/9/9,2013105,"[7, 13, 27, 30, 34]","[1, 12]"
966,2013/9/11,2013106,"[6, 7, 12, 13, 27]","[3, 12]"
967,2013/9/14,2013107,"[7, 13, 14, 18, 25]","[5, 12]"
968,2013/9/16,2013108,"[5, 10, 13, 15, 18]","[2, 11]"
969,2013/9/18,2013109,"[13, 20, 26, 29, 32]","[2, 6]"
970,2013/9/21,2013110,"[7, 16, 18, 32, 33]","[2, 7]"
971,2013/9/23,2013111,"[7, 12, 13, 20, 27]","[1, 3]"
972,2013/9/25,2013112,"[2, 10, 20, 22, 29]","[5, 12]"
973,2013/9/28,2013113,"[19, 21, 23, 28, 30]","[8, 12]"
974,2013/9/30,2013114,"[6, 17, 21, 23, 33]","[1, 9]"
975,2013/10/2,2013115,"[5, 16, 29, 32, 34]","[4, 11]"
976,2013/10/5,2013116,"[13, 22, 23, 30, 33]","[9, 11]"
977,2013/10/7,2013117,"[5, 16, 23, 25, 33]","[7, 12]"
978,2013/10/9,2013118,"[4, 6, 11, 20, 31]","[1, 5]"
979,2013/10/12,2013119,"[1, 2, 16, 23, 35]","[1, 11]"
980,2013/10/14,2013120,"[6, 14, 15, 22, 26]","[3, 11]"
981,2013/10/16,2013121,"[3, 18, 19, 20, 24]","[3, 12]"
982,2013/10/19,2013122,"[15, 17, 20, 24, 35]","[4, 12]"
983,2013/10/21,2013123,"[2, 9, 10, 33, 34]","[5, 12]"
984,2013/10/23,2013124,"[5, 7, 18, 21, 32]","[10, 11]"
985,2013/10/26,2013125,"[4, 8, 14, 23, 28]","[4, 8]"
986,2013/10/28,2013126,"[9, 10, 15, 18, 30]","[3, 6]"
987,2013/10/30,2013127,"[3, 14, 16, 19, 32]","[5, 10]"
988,2013/11/2,2013128,"[11, 13, 27, 33, 35]","[1, 2]"
989,2013/11/4,2013129,"[11, 23, 29, 30, 33]","[1, 4]"
990,2013/11/6,2013130,"[8, 9, 15, 19, 30]","[6, 9]"
991,2013/11/9,2013131,"[12, 15, 29, 30, 31]","[4, 12]"
992,2013/11/11,2013132,"[23, 26, 28, 31, 34]","[2, 10]"
993,2013/11/13,2013133,"[2, 8, 10, 16, 17]","[9, 12]"
994,2013/11/16,2013134,"[2, 13, 19, 23, 32]","[2, 9]"
995,2013/11/18,2013135,"[4, 13, 19, 25, 26]","[7, 12]"
996,2013/11/20,2013136,"[5, 11, 15, 25, 28]","[5, 11]"
997,2013/11/23,2013137,"[4, 12, 32, 33, 34]","[6, 8]"
998,2013/11/25,2013138,"[3, 8, 13, 17, 24]","[7, 9]"
999,2013/11/27,2013139,"[5, 6, 18, 20, 31]","[6, 7]"
1000,2013/11/30,2013140,"[1, 12, 17, 26, 28]","[1, 6]"
1001,2013/12/2,2013141,"[5, 15, 18, 25, 31]","[8, 10]"
1002,2013/12/4,2013142,"[6, 11, 25, 28, 29]","[4, 12]"
1003,2013/12/7,2013143,"[3, 8, 14, 21, 31]","[6, 8]"
1004,2013/12/9,2013144,"[3, 20, 21, 23, 35]","[2, 8]"
1005,2013/12/11,2013145,"[2, 13, 15, 18, 20]","[2, 11]"
1006,2013/12/14,2013146,"[6, 7, 15, 25, 31]","[1, 9]"
1007,2013/12/16,2013147,"[3, 9, 22, 24, 25]","[5, 9]"
1008,2013/12/18,2013148,"[2, 5, 9, 29, 32]","[3, 7]"
1009,2013/12/21,2013149,"[6, 7, 8, 9, 13]","[5, 7]"
1010,2013/12/23,2013150,"[6, 7, 14, 18, 22]","[8, 11]"
1011,2013/12/25,2013151,"[2, 13, 21, 27, 30]","[3, 4]"
1012,2013/12/28,2013152,"[9, 12, 14, 18, 19]","[3, 9]"
1013,2013/12/30,2013153,"[4, 5, 16, 17, 30]","[3, 9]"
1014,2014/1/1,2014001,"[5, 13, 20, 23, 29]","[8, 11]"
1015,2014/1/4,2014002,"[1, 12, 21, 24, 29]","[1, 7]"
1016,2014/1/6,2014003,"[7, 11, 13, 21, 33]","[5, 6]"
1017,2014/1/8,2014004,"[7, 10, 19, 27, 28]","[9, 12]"
1018,2014/1/11,2014005,"[15, 17, 18, 29, 33]","[4, 8]"
1019,2014/1/13,2014006,"[1, 4, 7, 16, 35]","[6, 8]"
1020,2014/1/15,2014007,"[8, 11, 14, 21, 32]","[3, 11]"
1021,2014/1/18,2014008,"[11, 13, 20, 28, 35]","[1, 5]"
1022,2014/1/20,2014009,"[10, 18, 25, 29, 33]","[7, 8]"
1023,2014/1/22,2014010,"[5, 10, 20, 26, 27]","[1, 3]"
1024,2014/1/25,2014011,"[4, 6, 14, 24, 35]","[7, 12]"
1025,2014/1/27,2014012,"[9, 20, 21, 23, 29]","[5, 7]"
1026,2014/1/29,2014013,"[10, 11, 13, 22, 28]","[4, 12]"
1027,2014/2/8,2014014,"[1, 9, 11, 27, 29]","[3, 11]"
1028,2014/2/10,2014015,"[4, 6, 18, 20, 30]","[5, 7]"
1029,2014/2/12,2014016,"[4, 6, 13, 24, 34]","[4, 9]"
1030,2014/2/15,2014017,"[5, 10, 11, 23, 34]","[1, 10]"
1031,2014/2/17,2014018,"[8, 9, 12, 28, 34]","[2, 12]"
1032,2014/2/19,2014019,"[7, 12, 22, 29, 32]","[11, 12]"
1033,2014/2/22,2014020,"[1, 14, 17, 30, 35]","[6, 7]"
1034,2014/2/24,2014021,"[6, 10, 17, 23, 24]","[3, 9]"
1035,2014/2/26,2014022,"[3, 6, 10, 16, 25]","[10, 11]"
1036,2014/3/1,2014023,"[4, 13, 15, 29, 33]","[5, 9]"
1037,2014/3/3,2014024,"[7, 11, 15, 31, 32]","[6, 11]"
1038,2014/3/5,2014025,"[19, 20, 27, 32, 34]","[6, 8]"
1039,2014/3/8,2014026,"[5, 10, 12, 15, 26]","[4, 8]"
1040,2014/3/10,2014027,"[9, 10, 24, 28, 29]","[10, 12]"
1041,2014/3/12,2014028,"[3, 10, 20, 25, 30]","[10, 12]"
1042,2014/3/15,2014029,"[3, 21, 22, 23, 35]","[5, 9]"
1043,2014/3/17,2014030,"[3, 14, 18, 29, 35]","[11, 12]"
1044,2014/3/19,2014031,"[6, 15, 27, 32, 33]","[3, 4]"
1045,2014/3/22,2014032,"[2, 5, 6, 9, 31]","[2, 9]"
1046,2014/3/24,2014033,"[1, 7, 8, 28, 29]","[4, 8]"
1047,2014/3/26,2014034,"[3, 11, 14, 27, 32]","[5, 7]"
1048,2014/3/29,2014035,"[9, 12, 14, 28, 29]","[3, 10]"
1049,2014/3/31,2014036,"[1, 2, 12, 17, 29]","[3, 8]"
1050,2014/4/2,2014037,"[3, 4, 8, 19, 34]","[2, 4]"
1051,2014/4/5,2014038,"[7, 8, 12, 20, 32]","[3, 5]"
1052,2014/4/7,2014039,"[2, 5, 11, 15, 20]","[8, 11]"
1053,2014/4/9,2014040,"[12, 15, 21, 30, 33]","[2, 8]"
1054,2014/4/12,2014041,"[5, 7, 11, 15, 18]","[5, 12]"
1055,2014/4/14,2014042,"[16, 21, 25, 27, 35]","[6, 11]"
1056,2014/4/16,2014043,"[1, 11, 23, 29, 30]","[1, 12]"
1057,2014/4/19,2014044,"[22, 23, 25, 27, 35]","[3, 11]"
1058,2014/4/21,2014045,"[6, 10, 12, 16, 30]","[2, 11]"
1059,2014/4/23,2014046,"[3, 15, 18, 21, 26]","[1, 6]"
1060,2014/4/26,2014047,"[6, 17, 18, 30, 34]","[6, 12]"
1061,2014/4/28,2014048,"[1, 2, 5, 15, 35]","[1, 11]"
1062,2014/4/30,2014049,"[3, 15, 17, 22, 31]","[3, 5]"
1063,2014/5/3,2014050,"[10, 18, 27, 28, 35]","[1, 6]"
1064,2014/5/5,2014051,"[1, 7, 11, 29, 30]","[3, 11]"
1065,2014/5/7,2014052,"[14, 19, 21, 24, 30]","[2, 7]"
1066,2014/5/10,2014053,"[2, 11, 17, 27, 30]","[3, 4]"
1067,2014/5/12,2014054,"[2, 3, 20, 25, 34]","[1, 12]"
1068,2014/5/14,2014055,"[4, 23, 26, 27, 35]","[10, 11]"
1069,2014/5/17,2014056,"[12, 18, 28, 29, 35]","[7, 8]"
1070,2014/5/19,2014057,"[8, 10, 20, 27, 33]","[1, 9]"
1071,2014/5/21,2014058,"[9, 15, 22, 24, 26]","[2, 7]"
1072,2014/5/24,2014059,"[7, 15, 17, 25, 29]","[4, 11]"
1073,2014/5/26,2014060,"[12, 22, 29, 30, 34]","[5, 11]"
1074,2014/5/28,2014061,"[4, 11, 17, 20, 29]","[6, 10]"
1075,2014/5/31,2014062,"[4, 7, 17, 24, 25]","[2, 4]"
1076,2014/6/2,2014063,"[11, 17, 21, 23, 34]","[3, 4]"
1077,2014/6/4,2014064,"[8, 15, 33, 34, 35]","[1, 8]"
1078,2014/6/7,2014065,"[7, 12, 19, 31, 33]","[7, 12]"
1079,2014/6/9,2014066,"[8, 14, 16, 20, 31]","[3, 11]"
1080,2014/6/11,2014067,"[3, 18, 23, 24, 31]","[3, 7]"
1081,2014/6/14,2014068,"[5, 15, 24, 29, 35]","[5, 6]"
1082,2014/6/16,2014069,"[16, 22, 27, 29, 31]","[2, 9]"
1083,2014/6/18,2014070,"[1, 2, 7, 10, 32]","[4, 12]"
1084,2014/6/21,2014071,"[4, 14, 15, 22, 23]","[1, 7]"
1085,2014/6/23,2014072,"[17, 19, 22, 24, 30]","[2, 9]"
1086,2014/6/25,2014073,"[4, 5, 7, 13, 35]","[5, 6]"
1087,2014/6/28,2014074,"[6, 11, 22, 27, 30]","[5, 11]"
1088,2014/6/30,2014075,"[5, 7, 29, 32, 35]","[4, 10]"
1089,2014/7/2,2014076,"[5, 10, 19, 31, 32]","[9, 10]"
1090,2014/7/5,2014077,"[9, 16, 26, 31, 32]","[1, 5]"
1091,2014/7/7,2014078,"[10, 15, 16, 22, 28]","[4, 5]"
1092,2014/7/9,2014079,"[9, 10, 20, 31, 32]","[6, 10]"
1093,2014/7/12,2014080,"[17, 20, 23, 25, 27]","[3, 10]"
1094,2014/7/14,2014081,"[3, 5, 8, 10, 25]","[9, 12]"
1095,2014/7/16,2014082,"[1, 8, 18, 23, 25]","[8, 12]"
1096,2014/7/19,2014083,"[18, 20, 24, 33, 35]","[5, 10]"
1097,2014/7/21,2014084,"[2, 7, 9, 11, 28]","[5, 9]"
1098,2014/7/23,2014085,"[6, 12, 13, 25, 29]","[11, 12]"
1099,2014/7/26,2014086,"[6, 8, 27, 29, 35]","[3, 9]"
1100,2014/7/28,2014087,"[4, 7, 31, 33, 35]","[9, 10]"
1101,2014/7/30,2014088,"[7, 13, 20, 25, 26]","[8, 11]"
1102,2014/8/2,2014089,"[2, 8, 12, 29, 30]","[7, 12]"
1103,2014/8/4,2014090,"[2, 3, 20, 23, 28]","[6, 8]"
1104,2014/8/6,2014091,"[10, 16, 18, 29, 32]","[2, 7]"
1105,2014/8/9,2014092,"[2, 18, 27, 30, 32]","[5, 11]"
1106,2014/8/11,2014093,"[3, 8, 30, 32, 34]","[9, 11]"
1107,2014/8/13,2014094,"[13, 14, 24, 25, 34]","[4, 7]"
1108,2014/8/16,2014095,"[6, 22, 30, 31, 34]","[5, 6]"
1109,2014/8/18,2014096,"[3, 7, 21, 23, 31]","[5, 10]"
1110,2014/8/20,2014097,"[3, 15, 20, 21, 23]","[7, 9]"
1111,2014/8/23,2014098,"[16, 18, 22, 25, 35]","[3, 10]"
1112,2014/8/25,2014099,"[15, 21, 22, 23, 33]","[1, 7]"
1113,2014/8/27,2014100,"[2, 4, 8, 12, 35]","[1, 7]"
1114,2014/8/30,2014101,"[9, 10, 12, 17, 28]","[3, 11]"
1115,2014/9/1,2014102,"[1, 7, 14, 19, 20]","[3, 12]"
1116,2014/9/3,2014103,"[14, 20, 23, 25, 26]","[10, 12]"
1117,2014/9/6,2014104,"[7, 13, 14, 28, 32]","[4, 11]"
1118,2014/9/8,2014105,"[4, 10, 26, 29, 32]","[4, 8]"
1119,2014/9/10,2014106,"[5, 9, 11, 20, 22]","[5, 11]"
1120,2014/9/13,2014107,"[5, 13, 14, 21, 34]","[8, 10]"
1121,2014/9/15,2014108,"[1, 2, 13, 23, 35]","[9, 12]"
1122,2014/9/17,2014109,"[15, 18, 20, 21, 23]","[1, 2]"
1123,2014/9/20,2014110,"[9, 18, 19, 22, 24]","[8, 11]"
1124,2014/9/22,2014111,"[11, 16, 18, 20, 29]","[3, 4]"
1125,2014/9/24,2014112,"[3, 5, 14, 18, 32]","[2, 10]"
1126,2014/9/27,2014113,"[2, 13, 17, 19, 23]","[1, 6]"
1127,2014/9/29,2014114,"[3, 16, 24, 30, 33]","[5, 8]"
1128,2014/10/1,2014115,"[1, 5, 26, 29, 30]","[2, 10]"
1129,2014/10/4,2014116,"[6, 13, 15, 24, 27]","[4, 5]"
1130,2014/10/6,2014117,"[3, 14, 17, 18, 33]","[6, 9]"
1131,2014/10/8,2014118,"[2, 3, 23, 24, 26]","[5, 11]"
1132,2014/10/11,2014119,"[4, 8, 9, 13, 18]","[8, 12]"
1133,2014/10/13,2014120,"[1, 4, 6, 18, 33]","[5, 11]"
1134,2014/10/15,2014121,"[13, 16, 18, 22, 32]","[8, 10]"
1135,2014/10/18,2014122,"[3, 10, 25, 26, 35]","[1, 7]"
1136,2014/10/20,2014123,"[1, 9, 12, 22, 25]","[2, 9]"
1137,2014/10/22,2014124,"[1, 3, 28, 29, 35]","[8, 12]"
1138,2014/10/25,2014125,"[12, 15, 19, 23, 31]","[4, 10]"
1139,2014/10/27,2014126,"[2, 9, 22, 30, 34]","[9, 10]"
1140,2014/10/29,2014127,"[2, 4, 6, 15, 19]","[2, 11]"
1141,2014/11/1,2014128,"[2, 4, 16, 22, 34]","[8, 11]"
1142,2014/11/3,2014129,"[7, 22, 28, 30, 32]","[5, 6]"
1143,2014/11/5,2014130,"[2, 18, 31, 32, 33]","[5, 7]"
1144,2014/11/8,2014131,"[3, 16, 19, 23, 27]","[3, 7]"
1145,2014/11/10,2014132,"[1, 3, 4, 19, 32]","[1, 7]"
1146,2014/11/12,2014133,"[2, 8, 12, 14, 18]","[4, 12]"
1147,2014/11/15,2014134,"[2, 5, 7, 11, 32]","[9, 12]"
1148,2014/11/17,2014135,"[20, 26, 28, 30, 35]","[9, 12]"
1149,2014/11/19,2014136,"[4, 18, 20, 34, 35]","[7, 11]"
1150,2014/11/22,2014137,"[2, 11, 16, 22, 34]","[2, 5]"
1151,2014/11/24,2014138,"[1, 7, 29, 32, 34]","[9, 12]"
1152,2014/11/26,2014139,"[3, 5, 7, 15, 34]","[1, 10]"
1153,2014/11/29,2014140,"[1, 19, 20, 25, 34]","[7, 12]"
1154,2014/12/1,2014141,"[4, 17, 20, 26, 29]","[5, 8]"
1155,2014/12/3,2014142,"[18, 21, 25, 28, 30]","[4, 6]"
1156,2014/12/6,2014143,"[1, 11, 14, 18, 25]","[6, 10]"
1157,2014/12/8,2014144,"[1, 21, 24, 25, 35]","[4, 11]"
1158,2014/12/10,2014145,"[15, 19, 22, 24, 26]","[10, 11]"
1159,2014/12/13,2014146,"[2, 16, 23, 24, 28]","[10, 11]"
1160,2014/12/15,2014147,"[5, 9, 14, 26, 34]","[2, 9]"
1161,2014/12/17,2014148,"[3, 9, 10, 11, 20]","[7, 9]"
1162,2014/12/20,2014149,"[2, 13, 19, 26, 35]","[1, 5]"
1163,2014/12/22,2014150,"[19, 21, 30, 33, 35]","[5, 7]"
1164,2014/12/24,2014151,"[3, 8, 26, 31, 32]","[8, 12]"
1165,2014/12/27,2014152,"[5, 12, 18, 24, 33]","[1, 5]"
1166,2014/12/29,2014153,"[1, 8, 13, 24, 32]","[5, 10]"
1167,2014/12/31,2014154,"[5, 12, 17, 23, 28]","[2, 9]"
1168,2015/1/3,2015001,"[8, 9, 19, 27, 30]","[6, 7]"
1169,2015/1/5,2015002,"[3, 14, 20, 26, 32]","[6, 10]"
1170,2015/1/7,2015003,"[12, 19, 27, 28, 34]","[1, 12]"
1171,2015/1/10,2015004,"[3, 12, 14, 18, 28]","[5, 6]"
1172,2015/1/12,2015005,"[11, 14, 15, 18, 19]","[7, 8]"
1173,2015/1/14,2015006,"[6, 8, 30, 32, 33]","[3, 7]"
1174,2015/1/17,2015007,"[2, 7, 8, 14, 31]","[4, 8]"
1175,2015/1/19,2015008,"[7, 10, 11, 15, 17]","[3, 10]"
1176,2015/1/21,2015009,"[17, 22, 26, 27, 33]","[6, 10]"
1177,2015/1/24,2015010,"[2, 6, 17, 30, 35]","[2, 7]"
1178,2015/1/26,2015011,"[4, 13, 22, 25, 30]","[1, 6]"
1179,2015/1/28,2015012,"[3, 4, 6, 11, 31]","[5, 9]"
1180,2015/1/31,2015013,"[11, 15, 25, 28, 35]","[7, 10]"
1181,2015/2/2,2015014,"[8, 16, 25, 29, 35]","[3, 10]"
1182,2015/2/4,2015015,"[1, 5, 13, 17, 32]","[4, 11]"
1183,2015/2/7,2015016,"[6, 7, 16, 20, 34]","[9, 11]"
1184,2015/2/9,2015017,"[7, 13, 16, 17, 29]","[1, 7]"
1185,2015/2/11,2015018,"[4, 7, 10, 23, 31]","[3, 7]"
1186,2015/2/14,2015019,"[2, 8, 16, 22, 24]","[1, 3]"
1187,2015/2/16,2015020,"[11, 26, 28, 29, 32]","[1, 4]"
1188,2015/2/25,2015021,"[22, 23, 24, 26, 31]","[5, 6]"
1189,2015/2/28,2015022,"[9, 11, 14, 15, 26]","[11, 12]"
1190,2015/3/2,2015023,"[6, 9, 11, 12, 22]","[3, 11]"
1191,2015/3/4,2015024,"[2, 6, 8, 16, 34]","[3, 4]"
1192,2015/3/7,2015025,"[7, 10, 20, 22, 27]","[10, 11]"
1193,2015/3/9,2015026,"[11, 13, 14, 15, 22]","[2, 8]"
1194,2015/3/11,2015027,"[5, 21, 22, 25, 28]","[3, 10]"
1195,2015/3/14,2015028,"[3, 9, 28, 32, 33]","[9, 10]"
1196,2015/3/16,2015029,"[7, 10, 19, 30, 35]","[3, 5]"
1197,2015/3/18,2015030,"[9, 18, 19, 26, 31]","[2, 5]"
1198,2015/3/21,2015031,"[7, 21, 29, 32, 33]","[4, 12]"
1199,2015/3/23,2015032,"[6, 21, 25, 27, 30]","[7, 11]"
1200,2015/3/25,2015033,"[3, 17, 22, 26, 28]","[3, 7]"
1201,2015/3/28,2015034,"[4, 8, 15, 18, 26]","[5, 9]"
1202,2015/3/30,2015035,"[22, 24, 29, 30, 35]","[1, 10]"
1203,2015/4/1,2015036,"[14, 18, 20, 23, 24]","[4, 8]"
1204,2015/4/4,2015037,"[10, 16, 21, 28, 31]","[7, 8]"
1205,2015/4/6,2015038,"[12, 19, 22, 31, 35]","[7, 8]"
1206,2015/4/8,2015039,"[3, 6, 7, 16, 25]","[1, 6]"
1207,2015/4/11,2015040,"[2, 9, 10, 23, 35]","[9, 12]"
1208,2015/4/13,2015041,"[1, 11, 21, 23, 28]","[1, 10]"
1209,2015/4/15,2015042,"[3, 7, 12, 17, 24]","[2, 11]"
1210,2015/4/18,2015043,"[2, 20, 22, 25, 29]","[2, 7]"
1211,2015/4/20,2015044,"[16, 18, 27, 31, 33]","[1, 3]"
1212,2015/4/22,2015045,"[8, 9, 22, 29, 30]","[8, 12]"
1213,2015/4/25,2015046,"[5, 7, 10, 22, 26]","[4, 10]"
1214,2015/4/27,2015047,"[1, 2, 17, 23, 31]","[5, 12]"
1215,2015/4/29,2015048,"[10, 11, 22, 24, 33]","[2, 9]"
1216,2015/5/2,2015049,"[8, 9, 11, 15, 22]","[8, 10]"
1217,2015/5/4,2015050,"[6, 7, 10, 20, 28]","[2, 7]"
1218,2015/5/6,2015051,"[1, 2, 11, 16, 21]","[1, 5]"
1219,2015/5/9,2015052,"[13, 19, 24, 27, 29]","[7, 8]"
1220,2015/5/11,2015053,"[8, 25, 28, 29, 32]","[4, 7]"
1221,2015/5/13,2015054,"[2, 9, 15, 24, 34]","[3, 9]"
1222,2015/5/16,2015055,"[6, 11, 14, 20, 30]","[5, 10]"
1223,2015/5/18,2015056,"[6, 12, 19, 26, 35]","[3, 10]"
1224,2015/5/20,2015057,"[1, 5, 7, 14, 26]","[4, 6]"
1225,2015/5/23,2015058,"[10, 14, 20, 27, 30]","[7, 12]"
1226,2015/5/25,2015059,"[7, 9, 19, 23, 32]","[1, 3]"
1227,2015/5/27,2015060,"[16, 24, 25, 26, 33]","[4, 11]"
1228,2015/5/30,2015061,"[6, 7, 8, 16, 22]","[2, 10]"
1229,2015/6/1,2015062,"[6, 7, 13, 14, 15]","[1, 4]"
1230,2015/6/3,2015063,"[1, 4, 6, 34, 35]","[2, 4]"
1231,2015/6/6,2015064,"[2, 8, 20, 28, 31]","[7, 10]"
1232,2015/6/8,2015065,"[4, 5, 7, 13, 35]","[8, 11]"
1233,2015/6/10,2015066,"[1, 3, 7, 13, 29]","[2, 10]"
1234,2015/6/13,2015067,"[4, 10, 18, 24, 27]","[4, 11]"
1235,2015/6/15,2015068,"[2, 3, 20, 31, 35]","[4, 8]"
1236,2015/6/17,2015069,"[2, 9, 11, 22, 25]","[1, 7]"
1237,2015/6/20,2015070,"[3, 9, 12, 17, 18]","[4, 12]"
1238,2015/6/22,2015071,"[4, 6, 13, 16, 34]","[4, 10]"
1239,2015/6/24,2015072,"[19, 20, 21, 31, 33]","[9, 10]"
1240,2015/6/27,2015073,"[9, 26, 27, 30, 34]","[1, 6]"
1241,2015/6/29,2015074,"[1, 12, 21, 27, 33]","[4, 9]"
1242,2015/7/1,2015075,"[13, 14, 26, 27, 33]","[10, 12]"
1243,2015/7/4,2015076,"[3, 19, 21, 31, 34]","[5, 12]"
1244,2015/7/6,2015077,"[1, 16, 17, 22, 28]","[2, 9]"
1245,2015/7/8,2015078,"[19, 24, 26, 28, 33]","[1, 2]"
1246,2015/7/11,2015079,"[1, 9, 17, 23, 24]","[4, 5]"
1247,2015/7/13,2015080,"[14, 20, 29, 30, 32]","[3, 8]"
1248,2015/7/15,2015081,"[3, 4, 10, 13, 17]","[5, 9]"
1249,2015/7/18,2015082,"[8, 15, 28, 31, 33]","[3, 6]"
1250,2015/7/20,2015083,"[14, 16, 19, 25, 29]","[10, 12]"
1251,2015/7/22,2015084,"[10, 20, 21, 32, 34]","[6, 7]"
1252,2015/7/25,2015085,"[2, 3, 4, 6, 16]","[3, 12]"
1253,2015/7/27,2015086,"[5, 9, 11, 15, 32]","[4, 9]"
1254,2015/7/29,2015087,"[2, 5, 15, 17, 22]","[1, 11]"
1255,2015/8/1,2015088,"[5, 15, 28, 31, 34]","[11, 12]"
1256,2015/8/3,2015089,"[5, 12, 18, 20, 27]","[10, 12]"
1257,2015/8/5,2015090,"[6, 9, 11, 17, 21]","[6, 8]"
1258,2015/8/8,2015091,"[2, 7, 28, 29, 30]","[3, 7]"
1259,2015/8/10,2015092,"[2, 14, 21, 27, 34]","[5, 8]"
1260,2015/8/12,2015093,"[16, 17, 25, 26, 27]","[2, 4]"
1261,2015/8/15,2015094,"[2, 3, 10, 11, 29]","[3, 7]"
1262,2015/8/17,2015095,"[8, 14, 26, 34, 35]","[5, 10]"
1263,2015/8/19,2015096,"[3, 9, 12, 18, 21]","[2, 6]"
1264,2015/8/22,2015097,"[4, 16, 17, 26, 27]","[1, 4]"
1265,2015/8/24,2015098,"[9, 14, 21, 27, 33]","[6, 9]"
1266,2015/8/26,2015099,"[9, 12, 14, 22, 25]","[5, 10]"
1267,2015/8/29,2015100,"[9, 15, 18, 23, 32]","[5, 7]"
1268,2015/8/31,2015101,"[6, 12, 17, 18, 32]","[7, 12]"
1269,2015/9/2,2015102,"[11, 14, 15, 33, 34]","[3, 12]"
1270,2015/9/5,2015103,"[7, 9, 15, 25, 34]","[4, 10]"
1271,2015/9/7,2015104,"[16, 19, 25, 30, 34]","[4, 9]"
1272,2015/9/9,2015105,"[8, 9, 15, 21, 27]","[5, 9]"
1273,2015/9/12,2015106,"[2, 11, 13, 22, 30]","[2, 3]"
1274,2015/9/14,2015107,"[3, 23, 25, 28, 29]","[6, 7]"
1275,2015/9/16,2015108,"[1, 13, 16, 26, 31]","[7, 12]"
1276,2015/9/19,2015109,"[1, 6, 11, 22, 31]","[3, 12]"
1277,2015/9/21,2015110,"[2, 7, 10, 22, 30]","[7, 11]"
1278,2015/9/23,2015111,"[7, 8, 16, 24, 28]","[3, 10]"
1279,2015/9/26,2015112,"[4, 5, 15, 19, 28]","[4, 11]"
1280,2015/9/28,2015113,"[1, 14, 21, 29, 33]","[2, 10]"
1281,2015/9/30,2015114,"[9, 18, 24, 31, 34]","[2, 10]"
1282,2015/10/3,2015115,"[8, 12, 13, 14, 16]","[3, 9]"
1283,2015/10/5,2015116,"[7, 10, 19, 24, 33]","[3, 7]"
1284,2015/10/7,2015117,"[6, 17, 20, 30, 33]","[10, 11]"
1285,2015/10/10,2015118,"[3, 7, 20, 24, 31]","[4, 9]"
1286,2015/10/12,2015119,"[1, 8, 12, 16, 21]","[6, 11]"
1287,2015/10/14,2015120,"[1, 9, 15, 24, 32]","[5, 10]"
1288,2015/10/17,2015121,"[2, 4, 17, 27, 28]","[4, 6]"
1289,2015/10/19,2015122,"[11, 13, 15, 26, 35]","[6, 11]"
1290,2015/10/21,2015123,"[4, 15, 27, 29, 30]","[2, 10]"
1291,2015/10/24,2015124,"[4, 6, 12, 31, 32]","[3, 6]"
1292,2015/10/26,2015125,"[2, 3, 15, 17, 28]","[8, 10]"
1293,2015/10/28,2015126,"[4, 5, 8, 9, 21]","[3, 6]"
1294,2015/10/31,2015127,"[9, 11, 14, 19, 30]","[3, 8]"
1295,2015/11/2,2015128,"[10, 12, 23, 30, 32]","[3, 4]"
1296,2015/11/4,2015129,"[1, 6, 23, 25, 29]","[3, 9]"
1297,2015/11/7,2015130,"[17, 25, 31, 32, 34]","[2, 12]"
1298,2015/11/9,2015131,"[11, 17, 19, 20, 27]","[2, 3]"
1299,2015/11/11,2015132,"[3, 8, 14, 18, 27]","[1, 5]"
1300,2015/11/14,2015133,"[3, 7, 8, 25, 30]","[4, 8]"
1301,2015/11/16,2015134,"[1, 2, 6, 15, 35]","[4, 7]"
1302,2015/11/18,2015135,"[5, 16, 20, 25, 29]","[6, 8]"
1303,2015/11/21,2015136,"[5, 20, 23, 29, 32]","[2, 10]"
1304,2015/11/23,2015137,"[14, 17, 21, 23, 26]","[8, 11]"
1305,2015/11/25,2015138,"[1, 16, 20, 29, 32]","[4, 7]"
1306,2015/11/28,2015139,"[2, 3, 5, 25, 32]","[5, 7]"
1307,2015/11/30,2015140,"[1, 11, 15, 26, 35]","[6, 11]"
1308,2015/12/2,2015141,"[2, 4, 15, 19, 31]","[2, 3]"
1309,2015/12/5,2015142,"[12, 14, 22, 26, 30]","[3, 6]"
1310,2015/12/7,2015143,"[9, 20, 31, 33, 35]","[10, 11]"
1311,2015/12/9,2015144,"[1, 9, 24, 26, 29]","[6, 11]"
1312,2015/12/12,2015145,"[6, 7, 20, 29, 32]","[11, 12]"
1313,2015/12/14,2015146,"[4, 15, 19, 27, 31]","[4, 11]"
1314,2015/12/16,2015147,"[1, 2, 13, 18, 19]","[8, 10]"
1315,2015/12/19,2015148,"[8, 11, 27, 31, 33]","[8, 9]"
1316,2015/12/21,2015149,"[4, 6, 10, 12, 28]","[2, 8]"
1317,2015/12/23,2015150,"[4, 13, 18, 25, 33]","[3, 7]"
1318,2015/12/26,2015151,"[15, 16, 18, 30, 35]","[1, 7]"
1319,2015/12/28,2015152,"[4, 5, 22, 29, 35]","[2, 11]"
1320,2015/12/30,2015153,"[1, 7, 22, 27, 33]","[2, 11]"
1321,2016/1/2,2016001,"[1, 7, 19, 20, 30]","[5, 10]"
1322,2016/1/4,2016002,"[7, 12, 18, 25, 35]","[7, 9]"
1323,2016/1/6,2016003,"[4, 12, 17, 22, 26]","[6, 7]"
1324,2016/1/9,2016004,"[10, 20, 23, 32, 35]","[9, 10]"
1325,2016/1/11,2016005,"[6, 9, 12, 15, 20]","[8, 11]"
1326,2016/1/13,2016006,"[14, 16, 17, 22, 24]","[2, 9]"
1327,2016/1/16,2016007,"[2, 5, 14, 32, 35]","[1, 3]"
1328,2016/1/18,2016008,"[5, 12, 31, 34, 35]","[4, 5]"
1329,2016/1/20,2016009,"[5, 8, 10, 17, 20]","[2, 12]"
1330,2016/1/23,2016010,"[12, 13, 15, 16, 28]","[2, 5]"
1331,2016/1/25,2016011,"[2, 8, 10, 15, 23]","[5, 10]"
1332,2016/1/27,2016012,"[5, 7, 11, 23, 28]","[3, 12]"
1333,2016/1/30,2016013,"[3, 21, 23, 31, 35]","[2, 11]"
1334,2016/2/1,2016014,"[6, 8, 21, 24, 27]","[2, 10]"
1335,2016/2/3,2016015,"[1, 4, 10, 13, 30]","[3, 9]"
1336,2016/2/6,2016016,"[3, 10, 22, 29, 32]","[2, 5]"
1337,2016/2/15,2016017,"[11, 18, 24, 28, 29]","[5, 10]"
1338,2016/2/17,2016018,"[5, 10, 13, 27, 33]","[8, 11]"
1339,2016/2/20,2016019,"[4, 11, 15, 20, 26]","[8, 9]"
1340,2016/2/22,2016020,"[1, 16, 22, 29, 30]","[2, 9]"
1341,2016/2/24,2016021,"[1, 4, 9, 10, 35]","[9, 11]"
1342,2016/2/27,2016022,"[4, 18, 21, 30, 35]","[2, 11]"
1343,2016/2/29,2016023,"[4, 9, 14, 25, 27]","[6, 11]"
1344,2016/3/2,2016024,"[1, 2, 11, 15, 18]","[4, 8]"
1345,2016/3/5,2016025,"[3, 6, 13, 23, 24]","[7, 10]"
1346,2016/3/7,2016026,"[2, 6, 29, 30, 34]","[1, 7]"
1347,2016/3/9,2016027,"[6, 11, 13, 15, 28]","[2, 6]"
1348,2016/3/12,2016028,"[13, 18, 20, 23, 31]","[3, 6]"
1349,2016/3/14,2016029,"[20, 26, 27, 29, 32]","[5, 12]"
1350,2016/3/16,2016030,"[10, 19, 21, 29, 33]","[4, 6]"
1351,2016/3/19,2016031,"[3, 14, 24, 27, 29]","[4, 11]"
1352,2016/3/21,2016032,"[5, 9, 14, 20, 33]","[5, 12]"
1353,2016/3/23,2016033,"[3, 14, 15, 31, 35]","[9, 10]"
1354,2016/3/26,2016034,"[14, 18, 31, 32, 35]","[9, 10]"
1355,2016/3/28,2016035,"[17, 22, 24, 25, 29]","[9, 12]"
1356,2016/3/30,2016036,"[7, 15, 26, 30, 31]","[3, 6]"
1357,2016/4/2,2016037,"[3, 5, 13, 24, 34]","[3, 5]"
1358,2016/4/4,2016038,"[3, 7, 9, 15, 33]","[5, 12]"
1359,2016/4/6,2016039,"[1, 8, 16, 22, 28]","[4, 5]"
1360,2016/4/9,2016040,"[20, 22, 29, 30, 35]","[1, 6]"
1361,2016/4/11,2016041,"[12, 23, 24, 27, 34]","[3, 6]"
1362,2016/4/13,2016042,"[2, 6, 8, 19, 24]","[1, 6]"
1363,2016/4/16,2016043,"[1, 9, 16, 33, 34]","[9, 12]"
1364,2016/4/18,2016044,"[1, 6, 10, 20, 31]","[5, 11]"
1365,2016/4/20,2016045,"[7, 11, 25, 30, 33]","[2, 8]"
1366,2016/4/23,2016046,"[3, 19, 22, 32, 34]","[8, 12]"
1367,2016/4/25,2016047,"[2, 3, 23, 29, 32]","[5, 9]"
1368,2016/4/27,2016048,"[4, 12, 17, 25, 27]","[4, 10]"
1369,2016/4/30,2016049,"[3, 4, 5, 27, 33]","[4, 9]"
1370,2016/5/2,2016050,"[7, 17, 21, 29, 35]","[4, 5]"
1371,2016/5/4,2016051,"[16, 21, 23, 24, 32]","[7, 8]"
1372,2016/5/7,2016052,"[8, 14, 19, 20, 33]","[10, 11]"
1373,2016/5/9,2016053,"[4, 13, 15, 30, 35]","[3, 5]"
1374,2016/5/11,2016054,"[2, 5, 9, 21, 30]","[6, 7]"
1375,2016/5/14,2016055,"[6, 21, 27, 30, 34]","[4, 9]"
1376,2016/5/16,2016056,"[10, 12, 14, 31, 35]","[4, 5]"
1377,2016/5/18,2016057,"[8, 17, 19, 23, 30]","[3, 8]"
1378,2016/5/21,2016058,"[2, 15, 17, 23, 28]","[5, 9]"
1379,2016/5/23,2016059,"[2, 10, 27, 28, 33]","[5, 7]"
1380,2016/5/25,2016060,"[2, 6, 22, 27, 34]","[8, 11]"
1381,2016/5/28,2016061,"[9, 15, 17, 21, 23]","[7, 12]"
1382,2016/5/30,2016062,"[2, 10, 14, 15, 35]","[1, 9]"
1383,2016/6/1,2016063,"[8, 12, 22, 27, 35]","[5, 9]"
1384,2016/6/4,2016064,"[1, 2, 10, 18, 35]","[5, 11]"
1385,2016/6/6,2016065,"[1, 9, 18, 22, 24]","[11, 12]"
1386,2016/6/8,2016066,"[10, 28, 29, 31, 33]","[5, 11]"
1387,2016/6/11,2016067,"[2, 8, 11, 13, 19]","[2, 8]"
1388,2016/6/13,2016068,"[5, 7, 22, 26, 34]","[7, 12]"
1389,2016/6/15,2016069,"[14, 17, 19, 23, 30]","[2, 9]"
1390,2016/6/18,2016070,"[2, 9, 13, 19, 23]","[5, 7]"
1391,2016/6/20,2016071,"[8, 15, 19, 20, 33]","[7, 12]"
1392,2016/6/22,2016072,"[16, 20, 24, 26, 31]","[4, 9]"
1393,2016/6/25,2016073,"[7, 14, 17, 24, 27]","[8, 10]"
1394,2016/6/27,2016074,"[1, 5, 7, 11, 14]","[3, 8]"
1395,2016/6/29,2016075,"[3, 7, 17, 22, 31]","[8, 12]"
1396,2016/7/2,2016076,"[3, 8, 10, 17, 31]","[5, 6]"
1397,2016/7/4,2016077,"[9, 11, 14, 16, 35]","[2, 5]"
1398,2016/7/6,2016078,"[7, 18, 29, 31, 35]","[5, 11]"
1399,2016/7/9,2016079,"[7, 14, 15, 20, 27]","[5, 10]"
1400,2016/7/11,2016080,"[15, 20, 29, 30, 33]","[7, 12]"
1401,2016/7/13,2016081,"[6, 7, 18, 21, 33]","[3, 8]"
1402,2016/7/16,2016082,"[3, 8, 23, 28, 29]","[2, 7]"
1403,2016/7/18,2016083,"[1, 5, 9, 33, 35]","[1, 5]"
1404,2016/7/20,2016084,"[8, 12, 15, 26, 35]","[1, 8]"
1405,2016/7/23,2016085,"[14, 15, 27, 31, 32]","[1, 7]"
1406,2016/7/25,2016086,"[3, 5, 22, 25, 30]","[7, 9]"
1407,2016/7/27,2016087,"[3, 16, 17, 23, 25]","[7, 9]"
1408,2016/7/30,2016088,"[4, 6, 17, 21, 30]","[6, 11]"
1409,2016/8/1,2016089,"[7, 14, 17, 28, 34]","[7, 10]"
1410,2016/8/3,2016090,"[4, 6, 8, 28, 32]","[7, 12]"
1411,2016/8/6,2016091,"[8, 13, 17, 21, 22]","[2, 8]"
1412,2016/8/8,2016092,"[2, 13, 31, 33, 34]","[7, 11]"
1413,2016/8/10,2016093,"[1, 8, 14, 30, 35]","[6, 7]"
1414,2016/8/13,2016094,"[1, 14, 16, 17, 18]","[5, 7]"
1415,2016/8/15,2016095,"[8, 12, 18, 19, 21]","[3, 6]"
1416,2016/8/17,2016096,"[1, 6, 8, 12, 21]","[5, 10]"
1417,2016/8/20,2016097,"[6, 8, 18, 31, 33]","[10, 12]"
1418,2016/8/22,2016098,"[8, 9, 11, 20, 29]","[4, 5]"
1419,2016/8/24,2016099,"[3, 4, 12, 14, 27]","[1, 5]"
1420,2016/8/27,2016100,"[8, 12, 19, 26, 30]","[2, 12]"
1421,2016/8/29,2016101,"[4, 6, 28, 33, 35]","[7, 12]"
1422,2016/8/31,2016102,"[3, 5, 6, 34, 35]","[3, 12]"
1423,2016/9/3,2016103,"[5, 14, 20, 23, 29]","[3, 11]"
1424,2016/9/5,2016104,"[1, 20, 22, 23, 30]","[6, 7]"
1425,2016/9/7,2016105,"[8, 11, 31, 34, 35]","[1, 2]"
1426,2016/9/10,2016106,"[3, 21, 30, 33, 35]","[1, 4]"
1427,2016/9/12,2016107,"[2, 6, 19, 24, 26]","[4, 6]"
1428,2016/9/14,2016108,"[10, 17, 22, 23, 25]","[7, 9]"
1429,2016/9/17,2016109,"[3, 25, 28, 31, 34]","[11, 12]"
1430,2016/9/19,2016110,"[7, 20, 21, 23, 30]","[7, 10]"
1431,2016/9/21,2016111,"[4, 9, 22, 26, 27]","[2, 12]"
1432,2016/9/24,2016112,"[7, 22, 23, 31, 32]","[4, 5]"
1433,2016/9/26,2016113,"[10, 11, 17, 30, 34]","[3, 12]"
1434,2016/9/28,2016114,"[16, 17, 20, 32, 33]","[3, 7]"
1435,2016/10/1,2016115,"[1, 4, 15, 31, 34]","[2, 11]"
1436,2016/10/3,2016116,"[4, 6, 8, 19, 34]","[10, 12]"
1437,2016/10/5,2016117,"[3, 9, 14, 16, 23]","[2, 9]"
1438,2016/10/8,2016118,"[12, 15, 18, 24, 29]","[3, 11]"
1439,2016/10/10,2016119,"[2, 3, 9, 21, 22]","[5, 10]"
1440,2016/10/12,2016120,"[3, 10, 20, 32, 34]","[4, 7]"
1441,2016/10/15,2016121,"[4, 5, 8, 15, 20]","[1, 6]"
1442,2016/10/17,2016122,"[1, 3, 12, 14, 29]","[2, 6]"
1443,2016/10/19,2016123,"[4, 5, 13, 20, 32]","[1, 10]"
1444,2016/10/22,2016124,"[4, 13, 24, 26, 29]","[8, 11]"
1445,2016/10/24,2016125,"[6, 7, 8, 28, 30]","[1, 2]"
1446,2016/10/26,2016126,"[11, 13, 16, 19, 24]","[6, 8]"
1447,2016/10/29,2016127,"[1, 5, 15, 24, 26]","[9, 10]"
1448,2016/10/31,2016128,"[17, 20, 22, 30, 33]","[7, 8]"
1449,2016/11/2,2016129,"[7, 8, 19, 30, 35]","[8, 9]"
1450,2016/11/5,2016130,"[11, 23, 32, 33, 34]","[1, 12]"
1451,2016/11/7,2016131,"[6, 13, 25, 28, 30]","[2, 7]"
1452,2016/11/9,2016132,"[4, 18, 19, 22, 35]","[1, 2]"
1453,2016/11/12,2016133,"[1, 4, 5, 23, 28]","[5, 9]"
1454,2016/11/14,2016134,"[1, 3, 31, 32, 34]","[2, 7]"
1455,2016/11/16,2016135,"[1, 10, 12, 18, 35]","[1, 12]"
1456,2016/11/19,2016136,"[5, 6, 7, 19, 23]","[4, 11]"
1457,2016/11/21,2016137,"[7, 20, 23, 29, 34]","[2, 10]"
1458,2016/11/23,2016138,"[12, 13, 16, 29, 35]","[5, 11]"
1459,2016/11/26,2016139,"[13, 21, 30, 31, 35]","[1, 8]"
1460,2016/11/28,2016140,"[12, 16, 23, 29, 34]","[4, 11]"
1461,2016/11/30,2016141,"[2, 6, 7, 19, 28]","[11, 12]"
1462,2016/12/3,2016142,"[1, 6, 17, 23, 26]","[6, 12]"
1463,2016/12/5,2016143,"[4, 6, 22, 27, 31]","[6, 7]"
1464,2016/12/7,2016144,"[4, 5, 13, 22, 31]","[5, 10]"
1465,2016/12/10,2016145,"[1, 9, 11, 17, 28]","[3, 8]"
1466,2016/12/12,2016146,"[21, 22, 25, 29, 34]","[1, 11]"
1467,2016/12/14,2016147,"[7, 19, 20, 28, 30]","[4, 12]"
1468,2016/12/17,2016148,"[5, 14, 15, 23, 25]","[6, 8]"
1469,2016/12/19,2016149,"[1, 2, 3, 12, 33]","[4, 9]"
1470,2016/12/21,2016150,"[1, 10, 18, 24, 29]","[7, 10]"
1471,2016/12/24,2016151,"[4, 7, 11, 14, 21]","[5, 12]"
1472,2016/12/26,2016152,"[8, 17, 22, 24, 30]","[5, 11]"
1473,2016/12/28,2016153,"[13, 18, 25, 29, 35]","[3, 11]"
1474,2016/12/31,2016154,"[6, 16, 17, 21, 29]","[4, 6]"
1475,2017/1/2,2017001,"[7, 9, 20, 31, 33]","[8, 10]"
1476,2017/1/4,2017002,"[7, 12, 14, 31, 34]","[9, 11]"
1477,2017/1/7,2017003,"[3, 5, 6, 13, 22]","[9, 12]"
1478,2017/1/9,2017004,"[5, 8, 11, 28, 31]","[6, 7]"
1479,2017/1/11,2017005,"[5, 9, 20, 26, 35]","[2, 11]"
1480,2017/1/14,2017006,"[4, 6, 23, 32, 33]","[5, 6]"
1481,2017/1/16,2017007,"[8, 11, 17, 25, 27]","[2, 4]"
1482,2017/1/18,2017008,"[3, 4, 9, 25, 32]","[2, 4]"
1483,2017/1/21,2017009,"[5, 6, 8, 12, 22]","[3, 4]"
1484,2017/1/23,2017010,"[4, 10, 13, 18, 35]","[1, 2]"
1485,2017/1/25,2017011,"[5, 15, 21, 29, 34]","[6, 9]"
1486,2017/2/4,2017012,"[4, 5, 24, 26, 35]","[7, 12]"
1487,2017/2/6,2017013,"[5, 12, 17, 30, 34]","[11, 12]"
1488,2017/2/8,2017014,"[4, 8, 15, 24, 25]","[2, 5]"
1489,2017/2/11,2017015,"[1, 7, 19, 27, 34]","[1, 2]"
1490,2017/2/13,2017016,"[3, 13, 28, 30, 33]","[9, 10]"
1491,2017/2/15,2017017,"[4, 19, 24, 26, 29]","[4, 6]"
1492,2017/2/18,2017018,"[6, 7, 10, 17, 23]","[1, 9]"
1493,2017/2/20,2017019,"[2, 6, 14, 23, 25]","[2, 10]"
1494,2017/2/22,2017020,"[16, 21, 24, 27, 28]","[4, 7]"
1495,2017/2/25,2017021,"[1, 15, 17, 20, 26]","[6, 8]"
1496,2017/2/27,2017022,"[2, 3, 9, 17, 24]","[6, 12]"
1497,2017/3/1,2017023,"[5, 8, 12, 24, 34]","[7, 10]"
1498,2017/3/4,2017024,"[21, 23, 29, 32, 35]","[11, 12]"
1499,2017/3/6,2017025,"[10, 16, 19, 20, 34]","[4, 5]"
1500,2017/3/8,2017026,"[10, 14, 19, 25, 32]","[2, 7]"
1501,2017/3/11,2017027,"[8, 17, 25, 33, 34]","[3, 11]"
1502,2017/3/13,2017028,"[6, 18, 22, 23, 33]","[9, 11]"
1503,2017/3/15,2017029,"[1, 6, 14, 17, 29]","[1, 11]"
1504,2017/3/18,2017030,"[21, 22, 24, 29, 34]","[5, 6]"
1505,2017/3/20,2017031,"[2, 16, 17, 30, 32]","[2, 9]"
1506,2017/3/22,2017032,"[2, 13, 14, 18, 29]","[3, 9]"
1507,2017/3/25,2017033,"[15, 22, 23, 25, 34]","[5, 11]"
1508,2017/3/27,2017034,"[6, 12, 21, 26, 29]","[2, 11]"
1509,2017/3/29,2017035,"[14, 17, 22, 30, 33]","[7, 12]"
1510,2017/4/1,2017036,"[1, 4, 9, 18, 33]","[2, 5]"
1511,2017/4/3,2017037,"[13, 15, 16, 32, 34]","[6, 11]"
1512,2017/4/5,2017038,"[4, 5, 13, 18, 27]","[3, 9]"
1513,2017/4/8,2017039,"[5, 6, 14, 17, 26]","[3, 8]"
1514,2017/4/10,2017040,"[4, 6, 10, 23, 29]","[9, 11]"
1515,2017/4/12,2017041,"[2, 4, 6, 25, 31]","[5, 9]"
1516,2017/4/15,2017042,"[2, 17, 31, 33, 34]","[1, 7]"
1517,2017/4/17,2017043,"[6, 13, 22, 25, 35]","[9, 12]"
1518,2017/4/19,2017044,"[11, 16, 17, 18, 25]","[2, 9]"
1519,2017/4/22,2017045,"[1, 8, 11, 21, 35]","[9, 12]"
1520,2017/4/24,2017046,"[4, 17, 20, 23, 30]","[2, 3]"
1521,2017/4/26,2017047,"[15, 19, 32, 33, 34]","[9, 12]"
1522,2017/4/29,2017048,"[7, 9, 13, 15, 19]","[3, 10]"
1523,2017/5/1,2017049,"[9, 12, 14, 22, 31]","[5, 8]"
1524,2017/5/3,2017050,"[12, 14, 17, 20, 28]","[2, 6]"
1525,2017/5/6,2017051,"[14, 17, 18, 22, 29]","[10, 11]"
1526,2017/5/8,2017052,"[3, 19, 24, 28, 33]","[4, 12]"
1527,2017/5/10,2017053,"[6, 19, 20, 22, 26]","[1, 11]"
1528,2017/5/13,2017054,"[16, 29, 30, 32, 33]","[4, 5]"
1529,2017/5/15,2017055,"[19, 20, 22, 30, 33]","[3, 9]"
1530,2017/5/17,2017056,"[1, 4, 24, 27, 32]","[3, 10]"
1531,2017/5/20,2017057,"[12, 16, 19, 23, 24]","[2, 5]"
1532,2017/5/22,2017058,"[14, 18, 20, 21, 28]","[3, 6]"
1533,2017/5/24,2017059,"[8, 11, 13, 15, 17]","[3, 10]"
1534,2017/5/27,2017060,"[9, 15, 20, 26, 31]","[5, 12]"
1535,2017/5/29,2017061,"[10, 19, 23, 25, 30]","[2, 4]"
1536,2017/5/31,2017062,"[1, 4, 6, 8, 28]","[8, 12]"
1537,2017/6/3,2017063,"[18, 21, 22, 24, 29]","[5, 11]"
1538,2017/6/5,2017064,"[1, 8, 20, 27, 30]","[3, 4]"
1539,2017/6/7,2017065,"[5, 11, 12, 19, 28]","[5, 12]"
1540,2017/6/10,2017066,"[11, 15, 23, 26, 30]","[2, 11]"
1541,2017/6/12,2017067,"[10, 17, 18, 32, 35]","[10, 11]"
1542,2017/6/14,2017068,"[7, 8, 19, 24, 27]","[6, 7]"
1543,2017/6/17,2017069,"[10, 16, 20, 23, 32]","[8, 11]"
1544,2017/6/19,2017070,"[6, 16, 18, 26, 30]","[2, 3]"
1545,2017/6/21,2017071,"[1, 4, 11, 14, 33]","[5, 7]"
1546,2017/6/24,2017072,"[1, 3, 29, 32, 34]","[2, 5]"
1547,2017/6/26,2017073,"[7, 18, 28, 31, 33]","[1, 2]"
1548,2017/6/28,2017074,"[8, 10, 11, 13, 17]","[8, 11]"
1549,2017/7/1,2017075,"[5, 11, 16, 18, 35]","[1, 6]"
1550,2017/7/3,2017076,"[2, 7, 25, 30, 35]","[7, 12]"
1551,2017/7/5,2017077,"[1, 3, 4, 25, 31]","[6, 9]"
1552,2017/7/8,2017078,"[4, 5, 27, 31, 34]","[3, 6]"
1553,2017/7/10,2017079,"[1, 17, 19, 32, 33]","[2, 11]"
1554,2017/7/12,2017080,"[8, 10, 21, 30, 31]","[2, 5]"
1555,2017/7/15,2017081,"[2, 12, 15, 20, 34]","[1, 6]"
1556,2017/7/17,2017082,"[5, 13, 20, 21, 25]","[8, 9]"
1557,2017/7/19,2017083,"[2, 5, 14, 22, 34]","[3, 9]"
1558,2017/7/22,2017084,"[6, 11, 14, 21, 31]","[9, 12]"
1559,2017/7/24,2017085,"[9, 13, 14, 25, 30]","[2, 5]"
1560,2017/7/26,2017086,"[12, 15, 18, 22, 31]","[1, 8]"
1561,2017/7/29,2017087,"[3, 14, 21, 29, 35]","[2, 6]"
1562,2017/7/31,2017088,"[5, 28, 31, 34, 35]","[8, 9]"
1563,2017/8/2,2017089,"[3, 5, 6, 15, 18]","[3, 10]"
1564,2017/8/5,2017090,"[3, 6, 15, 22, 35]","[9, 11]"
1565,2017/8/7,2017091,"[1, 5, 7, 16, 19]","[3, 12]"
1566,2017/8/9,2017092,"[3, 7, 9, 17, 34]","[4, 5]"
1567,2017/8/12,2017093,"[5, 6, 17, 21, 29]","[2, 4]"
1568,2017/8/14,2017094,"[3, 5, 8, 29, 33]","[4, 8]"
1569,2017/8/16,2017095,"[15, 32, 33, 34, 35]","[3, 12]"
1570,2017/8/19,2017096,"[3, 7, 9, 17, 28]","[4, 12]"
1571,2017/8/21,2017097,"[7, 14, 19, 22, 34]","[7, 12]"
1572,2017/8/23,2017098,"[6, 9, 17, 30, 35]","[10, 11]"
1573,2017/8/26,2017099,"[8, 9, 17, 18, 24]","[3, 7]"
1574,2017/8/28,2017100,"[2, 5, 18, 19, 31]","[1, 9]"
1575,2017/8/30,2017101,"[5, 15, 21, 25, 29]","[5, 8]"
1576,2017/9/2,2017102,"[1, 12, 23, 24, 29]","[8, 12]"
1577,2017/9/4,2017103,"[4, 19, 20, 24, 29]","[3, 4]"
1578,2017/9/6,2017104,"[9, 11, 22, 27, 30]","[9, 11]"
1579,2017/9/9,2017105,"[4, 15, 22, 24, 32]","[2, 9]"
1580,2017/9/11,2017106,"[9, 12, 18, 23, 29]","[2, 4]"
1581,2017/9/13,2017107,"[4, 10, 19, 25, 27]","[6, 12]"
1582,2017/9/16,2017108,"[1, 4, 15, 21, 22]","[4, 9]"
1583,2017/9/18,2017109,"[6, 9, 19, 26, 34]","[5, 7]"
1584,2017/9/20,2017110,"[10, 14, 20, 21, 35]","[2, 5]"
1585,2017/9/23,2017111,"[2, 14, 17, 26, 34]","[8, 12]"
1586,2017/9/25,2017112,"[5, 6, 20, 31, 32]","[6, 12]"
1587,2017/9/27,2017113,"[5, 8, 17, 18, 23]","[4, 12]"
1588,2017/9/30,2017114,"[6, 7, 12, 18, 23]","[1, 12]"
1589,2017/10/2,2017115,"[14, 19, 20, 25, 31]","[6, 8]"
1590,2017/10/4,2017116,"[2, 27, 30, 32, 33]","[1, 3]"
1591,2017/10/7,2017117,"[5, 7, 9, 24, 32]","[8, 10]"
1592,2017/10/9,2017118,"[2, 7, 16, 20, 33]","[3, 11]"
1593,2017/10/11,2017119,"[5, 7, 13, 29, 35]","[3, 8]"
1594,2017/10/14,2017120,"[8, 15, 24, 26, 27]","[5, 6]"
1595,2017/10/16,2017121,"[1, 6, 12, 26, 31]","[1, 7]"
1596,2017/10/18,2017122,"[3, 12, 18, 29, 34]","[3, 11]"
1597,2017/10/21,2017123,"[3, 15, 23, 26, 32]","[1, 12]"
1598,2017/10/23,2017124,"[3, 29, 30, 32, 35]","[3, 8]"
1599,2017/10/25,2017125,"[7, 11, 18, 26, 28]","[4, 5]"
1600,2017/10/28,2017126,"[3, 4, 13, 24, 33]","[1, 11]"
1601,2017/10/30,2017127,"[2, 15, 18, 21, 22]","[3, 10]"
1602,2017/11/1,2017128,"[9, 11, 13, 18, 33]","[2, 3]"
1603,2017/11/4,2017129,"[5, 17, 20, 32, 33]","[4, 9]"
1604,2017/11/6,2017130,"[5, 18, 28, 33, 34]","[3, 4]"
1605,2017/11/8,2017131,"[3, 5, 8, 19, 34]","[1, 12]"
1606,2017/11/11,2017132,"[11, 17, 23, 26, 27]","[1, 10]"
1607,2017/11/13,2017133,"[15, 17, 19, 32, 33]","[1, 3]"
1608,2017/11/15,2017134,"[7, 18, 19, 32, 34]","[2, 10]"
1609,2017/11/18,2017135,"[1, 12, 15, 19, 22]","[2, 4]"
1610,2017/11/20,2017136,"[1, 11, 20, 21, 22]","[3, 4]"
1611,2017/11/22,2017137,"[1, 20, 22, 28, 29]","[5, 7]"
1612,2017/11/25,2017138,"[4, 7, 9, 20, 25]","[2, 11]"
1613,2017/11/27,2017139,"[2, 6, 19, 25, 32]","[9, 12]"
1614,2017/11/29,2017140,"[10, 16, 25, 26, 29]","[1, 5]"
1615,2017/12/2,2017141,"[2, 8, 21, 22, 29]","[3, 5]"
1616,2017/12/4,2017142,"[1, 5, 16, 19, 28]","[2, 10]"
1617,2017/12/6,2017143,"[6, 9, 24, 29, 32]","[2, 7]"
1618,2017/12/9,2017144,"[3, 21, 23, 29, 32]","[10, 11]"
1619,2017/12/11,2017145,"[4, 7, 17, 18, 19]","[3, 10]"
1620,2017/12/13,2017146,"[1, 5, 11, 14, 35]","[9, 10]"
1621,2017/12/16,2017147,"[5, 16, 17, 25, 34]","[1, 11]"
1622,2017/12/18,2017148,"[19, 27, 31, 32, 35]","[11, 12]"
1623,2017/12/20,2017149,"[10, 18, 19, 25, 26]","[4, 12]"
1624,2017/12/23,2017150,"[3, 6, 10, 13, 18]","[9, 11]"
1625,2017/12/25,2017151,"[5, 6, 23, 28, 32]","[4, 5]"
1626,2017/12/27,2017152,"[2, 4, 7, 23, 28]","[2, 8]"
1627,2017/12/30,2017153,"[1, 9, 24, 26, 34]","[9, 12]"
1628,2018/1/1,2018001,"[1, 13, 22, 25, 35]","[3, 4]"
1629,2018/1/3,2018002,"[12, 20, 23, 27, 34]","[1, 6]"
1630,2018/1/6,2018003,"[4, 21, 23, 24, 30]","[9, 10]"
1631,2018/1/8,2018004,"[4, 9, 22, 28, 30]","[1, 10]"
1632,2018/1/10,2018005,"[4, 9, 23, 24, 30]","[8, 11]"
1633,2018/1/13,2018006,"[19, 20, 30, 32, 33]","[3, 5]"
1634,2018/1/15,2018007,"[3, 4, 28, 31, 34]","[4, 11]"
1635,2018/1/17,2018008,"[9, 15, 17, 20, 22]","[10, 11]"
1636,2018/1/20,2018009,"[10, 12, 28, 30, 34]","[3, 4]"
1637,2018/1/22,2018010,"[24, 25, 26, 28, 29]","[4, 12]"
1638,2018/1/24,2018011,"[3, 13, 15, 23, 26]","[1, 10]"
1639,2018/1/27,2018012,"[3, 22, 24, 29, 34]","[7, 11]"
1640,2018/1/29,2018013,"[8, 24, 31, 33, 35]","[7, 10]"
1641,2018/1/31,2018014,"[14, 16, 18, 24, 31]","[1, 8]"
1642,2018/2/3,2018015,"[4, 13, 15, 18, 29]","[5, 11]"
1643,2018/2/5,2018016,"[1, 2, 12, 13, 23]","[9, 12]"
1644,2018/2/7,2018017,"[4, 19, 21, 23, 31]","[4, 9]"
1645,2018/2/10,2018018,"[6, 8, 13, 24, 28]","[6, 12]"
1646,2018/2/12,2018019,"[10, 11, 19, 21, 28]","[5, 12]"
1647,2018/2/14,2018020,"[1, 10, 13, 14, 21]","[9, 12]"
1648,2018/2/24,2018021,"[5, 6, 8, 9, 15]","[4, 11]"
1649,2018/2/26,2018022,"[2, 10, 19, 33, 35]","[5, 6]"
1650,2018/2/28,2018023,"[12, 13, 18, 21, 29]","[2, 8]"
1651,2018/3/3,2018024,"[2, 16, 24, 30, 32]","[4, 7]"
1652,2018/3/5,2018025,"[7, 8, 9, 15, 34]","[7, 8]"
1653,2018/3/7,2018026,"[1, 2, 3, 4, 30]","[3, 5]"
1654,2018/3/10,2018027,"[1, 18, 20, 21, 26]","[4, 11]"
1655,2018/3/12,2018028,"[4, 19, 25, 30, 35]","[4, 7]"
1656,2018/3/14,2018029,"[3, 9, 21, 25, 29]","[1, 8]"
1657,2018/3/17,2018030,"[5, 18, 21, 28, 32]","[9, 11]"
1658,2018/3/19,2018031,"[3, 8, 13, 17, 23]","[5, 11]"
1659,2018/3/21,2018032,"[7, 10, 17, 32, 35]","[5, 12]"
1660,2018/3/24,2018033,"[2, 3, 19, 23, 34]","[4, 9]"
1661,2018/3/26,2018034,"[8, 11, 22, 27, 32]","[3, 7]"
1662,2018/3/28,2018035,"[5, 7, 10, 12, 24]","[7, 11]"
1663,2018/3/31,2018036,"[11, 17, 18, 21, 27]","[7, 8]"
1664,2018/4/2,2018037,"[1, 3, 27, 30, 31]","[2, 11]"
1665,2018/4/4,2018038,"[14, 23, 25, 31, 32]","[1, 3]"
1666,2018/4/7,2018039,"[2, 7, 14, 29, 32]","[10, 11]"
1667,2018/4/9,2018040,"[5, 7, 18, 27, 31]","[1, 8]"
1668,2018/4/11,2018041,"[1, 23, 25, 31, 33]","[1, 12]"
1669,2018/4/14,2018042,"[3, 19, 25, 29, 35]","[5, 9]"
1670,2018/4/16,2018043,"[3, 6, 13, 28, 33]","[4, 11]"
1671,2018/4/18,2018044,"[2, 4, 6, 18, 21]","[5, 8]"
1672,2018/4/21,2018045,"[2, 5, 20, 30, 35]","[5, 9]"
1673,2018/4/23,2018046,"[10, 20, 22, 29, 32]","[5, 10]"
1674,2018/4/25,2018047,"[3, 8, 10, 14, 20]","[4, 8]"
1675,2018/4/28,2018048,"[2, 3, 11, 20, 25]","[2, 7]"
1676,2018/4/30,2018049,"[4, 7, 9, 10, 13]","[6, 12]"
1677,2018/5/2,2018050,"[22, 24, 26, 34, 35]","[6, 12]"
1678,2018/5/5,2018051,"[9, 18, 28, 29, 35]","[3, 11]"
1679,2018/5/7,2018052,"[5, 16, 18, 19, 25]","[2, 7]"
1680,2018/5/9,2018053,"[11, 16, 21, 23, 25]","[2, 12]"
1681,2018/5/12,2018054,"[9, 10, 12, 20, 30]","[1, 7]"
1682,2018/5/14,2018055,"[3, 7, 20, 33, 34]","[9, 10]"
1683,2018/5/16,2018056,"[2, 4, 16, 28, 34]","[5, 7]"
1684,2018/5/19,2018057,"[13, 19, 22, 27, 28]","[5, 6]"
1685,2018/5/21,2018058,"[9, 11, 12, 26, 32]","[4, 10]"
1686,2018/5/23,2018059,"[1, 9, 10, 27, 35]","[6, 11]"
1687,2018/5/26,2018060,"[4, 22, 27, 29, 31]","[2, 10]"
1688,2018/5/28,2018061,"[4, 10, 12, 28, 31]","[8, 11]"
1689,2018/5/30,2018062,"[12, 14, 19, 23, 35]","[2, 7]"
1690,2018/6/2,2018063,"[5, 14, 15, 32, 34]","[3, 10]"
1691,2018/6/4,2018064,"[1, 3, 4, 11, 29]","[2, 4]"
1692,2018/6/6,2018065,"[7, 10, 28, 31, 32]","[8, 10]"
1693,2018/6/9,2018066,"[1, 20, 23, 32, 33]","[1, 4]"
1694,2018/6/11,2018067,"[3, 7, 12, 18, 31]","[7, 10]"
1695,2018/6/13,2018068,"[8, 12, 16, 26, 33]","[5, 6]"
1696,2018/6/16,2018069,"[1, 8, 13, 21, 24]","[2, 11]"
1697,2018/6/18,2018070,"[2, 5, 10, 16, 30]","[4, 7]"
1698,2018/6/20,2018071,"[2, 5, 23, 30, 31]","[3, 9]"
1699,2018/6/23,2018072,"[5, 12, 17, 24, 26]","[1, 2]"
1700,2018/6/25,2018073,"[13, 19, 24, 25, 29]","[2, 8]"
1701,2018/6/27,2018074,"[3, 9, 12, 28, 30]","[4, 12]"
1702,2018/6/30,2018075,"[1, 6, 12, 20, 34]","[4, 12]"
1703,2018/7/2,2018076,"[7, 18, 28, 29, 32]","[6, 8]"
1704,2018/7/4,2018077,"[1, 6, 9, 15, 26]","[8, 9]"
1705,2018/7/7,2018078,"[7, 11, 12, 22, 30]","[3, 6]"
1706,2018/7/9,2018079,"[3, 4, 10, 27, 29]","[1, 5]"
1707,2018/7/11,2018080,"[7, 16, 24, 26, 31]","[10, 11]"
1708,2018/7/14,2018081,"[2, 10, 13, 21, 35]","[1, 12]"
1709,2018/7/16,2018082,"[1, 2, 14, 17, 18]","[8, 10]"
1710,2018/7/18,2018083,"[7, 12, 25, 27, 28]","[10, 11]"
1711,2018/7/21,2018084,"[6, 11, 17, 22, 35]","[11, 12]"
1712,2018/7/23,2018085,"[1, 2, 14, 25, 31]","[5, 7]"
1713,2018/7/25,2018086,"[16, 22, 24, 29, 31]","[4, 5]"
1714,2018/7/28,2018087,"[3, 14, 19, 23, 25]","[1, 4]"
1715,2018/7/30,2018088,"[8, 9, 21, 25, 33]","[1, 8]"
1716,2018/8/1,2018089,"[26, 27, 28, 32, 34]","[6, 10]"
1717,2018/8/4,2018090,"[6, 20, 24, 33, 34]","[4, 11]"
1718,2018/8/6,2018091,"[6, 22, 26, 28, 31]","[1, 7]"
1719,2018/8/8,2018092,"[5, 7, 14, 18, 19]","[4, 10]"
1720,2018/8/11,2018093,"[3, 11, 16, 18, 33]","[3, 11]"
1721,2018/8/13,2018094,"[11, 16, 25, 30, 34]","[8, 10]"
1722,2018/8/15,2018095,"[7, 14, 18, 29, 35]","[5, 12]"
1723,2018/8/18,2018096,"[13, 14, 20, 28, 34]","[6, 10]"
1724,2018/8/20,2018097,"[10, 12, 14, 18, 23]","[1, 4]"
1725,2018/8/22,2018098,"[2, 15, 18, 25, 27]","[5, 7]"
1726,2018/8/25,2018099,"[12, 13, 16, 20, 21]","[1, 7]"
1727,2018/8/27,2018100,"[6, 20, 21, 26, 30]","[6, 9]"
1728,2018/8/29,2018101,"[3, 14, 15, 23, 29]","[4, 5]"
1729,2018/9/1,2018102,"[6, 7, 13, 22, 24]","[10, 12]"
1730,2018/9/3,2018103,"[14, 24, 26, 28, 35]","[2, 3]"
1731,2018/9/5,2018104,"[1, 13, 14, 26, 28]","[7, 11]"
1732,2018/9/8,2018105,"[1, 16, 19, 20, 31]","[2, 7]"
1733,2018/9/10,2018106,"[4, 14, 17, 24, 31]","[1, 4]"
1734,2018/9/12,2018107,"[7, 8, 9, 10, 22]","[3, 4]"
1735,2018/9/15,2018108,"[9, 10, 24, 31, 32]","[7, 12]"
1736,2018/9/17,2018109,"[10, 16, 23, 25, 34]","[2, 5]"
1737,2018/9/19,2018110,"[6, 19, 21, 27, 28]","[3, 11]"
1738,2018/9/22,2018111,"[3, 16, 27, 28, 32]","[4, 5]"
1739,2018/9/24,2018112,"[3, 7, 8, 9, 29]","[9, 10]"
1740,2018/9/26,2018113,"[8, 12, 27, 31, 33]","[4, 8]"
1741,2018/9/29,2018114,"[12, 18, 26, 28, 29]","[5, 6]"
1742,2018/10/1,2018115,"[2, 6, 13, 18, 25]","[1, 2]"
1743,2018/10/3,2018116,"[1, 14, 17, 21, 33]","[7, 10]"
1744,2018/10/6,2018117,"[7, 11, 13, 22, 29]","[3, 8]"
1745,2018/10/8,2018118,"[4, 5, 14, 21, 34]","[6, 9]"
1746,2018/10/10,2018119,"[6, 9, 11, 16, 35]","[2, 5]"
1747,2018/10/13,2018120,"[21, 22, 25, 27, 30]","[8, 9]"
1748,2018/10/15,2018121,"[6, 7, 21, 29, 30]","[1, 10]"
1749,2018/10/17,2018122,"[8, 9, 21, 30, 31]","[5, 12]"
1750,2018/10/20,2018123,"[6, 9, 29, 32, 35]","[2, 4]"
1751,2018/10/22,2018124,"[8, 10, 12, 19, 20]","[10, 11]"
1752,2018/10/24,2018125,"[7, 16, 20, 21, 34]","[4, 6]"
1753,2018/10/27,2018126,"[11, 13, 15, 21, 27]","[5, 6]"
1754,2018/10/29,2018127,"[1, 3, 4, 11, 29]","[8, 12]"
1755,2018/10/31,2018128,"[11, 12, 14, 16, 26]","[8, 9]"
1756,2018/11/3,2018129,"[4, 7, 21, 22, 29]","[3, 6]"
1757,2018/11/5,2018130,"[3, 4, 16, 18, 25]","[1, 11]"
1758,2018/11/7,2018131,"[12, 14, 21, 32, 33]","[2, 11]"
1759,2018/11/10,2018132,"[3, 16, 22, 23, 27]","[1, 4]"
1760,2018/11/12,2018133,"[8, 12, 14, 15, 19]","[1, 10]"
1761,2018/11/14,2018134,"[4, 5, 19, 31, 35]","[2, 12]"
1762,2018/11/17,2018135,"[14, 19, 23, 27, 34]","[6, 12]"
1763,2018/11/19,2018136,"[3, 11, 12, 19, 21]","[5, 11]"
1764,2018/11/21,2018137,"[7, 10, 22, 23, 33]","[8, 11]"
1765,2018/11/24,2018138,"[1, 23, 24, 28, 33]","[4, 5]"
1766,2018/11/26,2018139,"[5, 11, 16, 28, 35]","[6, 9]"
1767,2018/11/28,2018140,"[1, 6, 8, 12, 15]","[3, 4]"
1768,2018/12/1,2018141,"[3, 7, 23, 26, 33]","[4, 9]"
1769,2018/12/3,2018142,"[19, 24, 28, 29, 34]","[10, 11]"
1770,2018/12/5,2018143,"[4, 7, 20, 22, 33]","[1, 2]"
1771,2018/12/8,2018144,"[6, 17, 18, 24, 31]","[7, 11]"
1772,2018/12/10,2018145,"[9, 18, 29, 31, 33]","[6, 11]"
1773,2018/12/12,2018146,"[3, 8, 9, 13, 33]","[1, 2]"
1774,2018/12/15,2018147,"[1, 11, 26, 33, 35]","[2, 10]"
1775,2018/12/17,2018148,"[2, 6, 24, 33, 34]","[2, 3]"
1776,2018/12/19,2018149,"[1, 7, 10, 11, 20]","[3, 6]"
1777,2018/12/22,2018150,"[5, 12, 13, 31, 34]","[10, 12]"
1778,2018/12/24,2018151,"[4, 8, 18, 29, 30]","[3, 7]"
1779,2018/12/26,2018152,"[2, 4, 5, 12, 28]","[8, 11]"
1780,2018/12/29,2018153,"[3, 6, 7, 8, 21]","[1, 8]"
1781,2018/12/31,2018154,"[14, 22, 23, 26, 30]","[3, 5]"
1782,2019/1/2,2019001,"[6, 18, 23, 26, 28]","[3, 12]"
1783,2019/1/5,2019002,"[2, 7, 14, 22, 31]","[1, 7]"
1784,2019/1/7,2019003,"[4, 8, 18, 20, 32]","[10, 12]"
1785,2019/1/9,2019004,"[15, 16, 17, 31, 32]","[3, 9]"
1786,2019/1/12,2019005,"[21, 26, 27, 29, 34]","[5, 6]"
1787,2019/1/14,2019006,"[14, 17, 19, 25, 30]","[4, 8]"
1788,2019/1/16,2019007,"[3, 12, 16, 29, 32]","[1, 5]"
1789,2019/1/19,2019008,"[3, 8, 17, 20, 24]","[6, 11]"
1790,2019/1/21,2019009,"[3, 9, 15, 18, 26]","[6, 12]"
1791,2019/1/23,2019010,"[3, 7, 24, 25, 27]","[2, 12]"
1792,2019/1/26,2019011,"[4, 12, 13, 16, 17]","[4, 9]"
1793,2019/1/28,2019012,"[5, 9, 17, 18, 19]","[7, 10]"
1794,2019/1/30,2019013,"[8, 10, 15, 17, 18]","[1, 8]"
1795,2019/2/2,2019014,"[12, 14, 20, 28, 31]","[9, 11]"
1796,2019/2/11,2019015,"[2, 5, 10, 13, 30]","[4, 6]"
1797,2019/2/13,2019016,"[3, 5, 13, 16, 28]","[2, 6]"
1798,2019/2/16,2019017,"[1, 5, 7, 22, 25]","[3, 4]"
1799,2019/2/18,2019018,"[3, 18, 19, 26, 34]","[6, 12]"
1800,2019/2/20,2019019,"[4, 11, 19, 25, 32]","[1, 2]"
1801,2019/2/23,2019020,"[1, 8, 16, 27, 34]","[3, 12]"
1802,2019/2/25,2019021,"[7, 13, 17, 24, 33]","[1, 10]"
1803,2019/2/27,2019022,"[1, 4, 14, 15, 21]","[1, 5]"
1804,2019/3/2,2019023,"[1, 3, 14, 26, 30]","[6, 11]"
1805,2019/3/4,2019024,"[11, 17, 19, 29, 33]","[8, 9]"
1806,2019/3/6,2019025,"[6, 13, 16, 19, 29]","[3, 7]"
1807,2019/3/9,2019026,"[10, 12, 15, 17, 19]","[2, 3]"
1808,2019/3/11,2019027,"[16, 18, 24, 25, 27]","[2, 7]"
1809,2019/3/13,2019028,"[6, 22, 28, 29, 33]","[2, 7]"
1810,2019/3/16,2019029,"[1, 4, 18, 24, 28]","[2, 3]"
1811,2019/3/18,2019030,"[7, 9, 13, 14, 33]","[2, 4]"
1812,2019/3/20,2019031,"[3, 8, 21, 26, 33]","[4, 5]"
1813,2019/3/23,2019032,"[1, 4, 7, 11, 30]","[7, 8]"
1814,2019/3/25,2019033,"[1, 2, 4, 16, 24]","[7, 9]"
1815,2019/3/27,2019034,"[8, 12, 15, 27, 30]","[1, 2]"
1816,2019/3/30,2019035,"[1, 3, 5, 7, 18]","[8, 9]"
1817,2019/4/1,2019036,"[3, 9, 21, 28, 30]","[1, 12]"
1818,2019/4/3,2019037,"[6, 16, 26, 33, 35]","[4, 8]"
1819,2019/4/6,2019038,"[5, 11, 16, 18, 27]","[7, 12]"
1820,2019/4/8,2019039,"[1, 12, 18, 26, 35]","[6, 12]"
1821,2019/4/10,2019040,"[1, 3, 31, 32, 34]","[1, 3]"
1822,2019/4/13,2019041,"[12, 19, 20, 22, 28]","[2, 6]"
1823,2019/4/15,2019042,"[4, 10, 13, 28, 33]","[11, 12]"
1824,2019/4/17,2019043,"[2, 6, 7, 12, 15]","[6, 12]"
1825,2019/4/20,2019044,"[3, 6, 10, 12, 31]","[1, 2]"
1826,2019/4/22,2019045,"[1, 4, 16, 19, 33]","[3, 12]"
1827,2019/4/24,2019046,"[2, 8, 14, 15, 35]","[10, 12]"
1828,2019/4/27,2019047,"[3, 4, 10, 16, 32]","[4, 9]"
1829,2019/4/29,2019048,"[6, 10, 16, 29, 33]","[5, 11]"
1830,2019/5/1,2019049,"[10, 16, 22, 26, 27]","[7, 11]"
1831,2019/5/4,2019050,"[4, 15, 16, 20, 35]","[3, 12]"
1832,2019/5/6,2019051,"[11, 15, 16, 20, 29]","[4, 8]"
1833,2019/5/8,2019052,"[4, 10, 15, 20, 24]","[7, 11]"
1834,2019/5/11,2019053,"[1, 11, 19, 26, 35]","[11, 12]"
1835,2019/5/13,2019054,"[2, 18, 23, 27, 30]","[5, 10]"
1836,2019/5/15,2019055,"[2, 4, 6, 19, 22]","[2, 6]"
1837,2019/5/18,2019056,"[1, 7, 10, 12, 23]","[6, 8]"
1838,2019/5/20,2019057,"[8, 14, 16, 34, 35]","[6, 12]"
1839,2019/5/22,2019058,"[3, 10, 13, 14, 32]","[7, 11]"
1840,2019/5/25,2019059,"[7, 8, 15, 27, 32]","[8, 12]"
1841,2019/5/27,2019060,"[1, 11, 12, 18, 21]","[8, 10]"
1842,2019/5/29,2019061,"[1, 2, 13, 14, 26]","[5, 11]"
1843,2019/6/1,2019062,"[5, 16, 23, 25, 28]","[1, 12]"
1844,2019/6/3,2019063,"[5, 8, 15, 18, 21]","[4, 8]"
1845,2019/6/5,2019064,"[7, 8, 13, 19, 29]","[11, 12]"
1846,2019/6/8,2019065,"[3, 8, 10, 23, 27]","[2, 12]"
1847,2019/6/10,2019066,"[4, 10, 11, 18, 31]","[5, 8]"
1848,2019/6/12,2019067,"[3, 8, 11, 15, 16]","[2, 10]"
1849,2019/6/15,2019068,"[4, 5, 8, 17, 27]","[6, 11]"
1850,2019/6/17,2019069,"[8, 22, 23, 33, 34]","[4, 6]"
1851,2019/6/19,2019070,"[2, 13, 15, 22, 34]","[2, 12]"
1852,2019/6/22,2019071,"[7, 13, 14, 15, 22]","[7, 11]"
1853,2019/6/24,2019072,"[2, 14, 6, 9, 18]","[7, 10]"
1854,2019/6/26,2019073,"[4, 11, 19, 20, 24]","[8, 11]"
1855,2019/6/29,2019074,"[8, 9, 13, 14, 34]","[5, 7]"
1856,2019/7/1,2019075,"[5, 6, 7, 11, 16]","[2, 11]"
1857,2019/7/3,2019076,"[1, 6, 11, 23, 29]","[1, 11]"
1858,2019/7/5,2019077,"[0, 0, 0, 0, 0]","[0, 0]"
