date,open,high,close,low,volume,price_change,p_change,ma5,ma10,ma20,v_ma5,v_ma10,v_ma20,weekday
2018-06-26,8.69,8.95,8.83,8.45,1318029.12,-0.01,-0.11,8.73,8.69,8.434,1263650.35,1316826.46,945711.95,1
2018-06-25,9.05,9.09,8.84,8.82,1176977.5,-0.13,-1.45,8.687999999999999,8.631,8.408,1413658.88,1236212.27,896265.02,0
2018-06-22,8.62,8.99,8.96,8.46,1360559.25,0.34,3.94,8.646,8.564,8.379,1348497.53,1171215.55,862445.97,4
2018-06-21,8.38,8.86,8.62,8.37,1451850.5,0.21,2.5,8.578,8.488,8.343,1238819.89,1079076.75,830353.52,3
2018-06-20,8.47,8.57,8.4,8.21,1010835.38,-0.22,-2.55,8.588,8.45,8.332,1143972.24,993663.81,791270.23,2
2018-06-19,8.49,8.7,8.62,8.38,2068071.75,-0.01,-0.12,8.65,8.427,8.342,1370002.56,954662.08,773707.67,1
2018-06-15,8.66,8.68,8.63,8.43,851170.75,0.01,0.12,8.574,8.381,8.346,1058765.66,801427.11,713790.56,4
2018-06-14,8.62,8.72,8.62,8.49,812171.06,-0.06,-0.69,8.482000000000001,8.329,8.35,993933.57,780742.85,703887.94,3
2018-06-13,8.73,8.75,8.67,8.58,977612.25,-0.04,-0.46,8.398,8.276,8.352,919333.61,763930.41,688880.31,2
2018-06-12,8.27,8.88,8.71,8.27,2140987.0,0.47,5.7,8.312000000000001,8.212,8.355,843355.39,737143.27,672925.89,1
2018-06-11,8.12,8.28,8.24,8.08,511887.25,0.08,0.98,8.204,8.177999999999999,8.361,539321.6,574597.45,626073.14,0
2018-06-08,8.18,8.23,8.17,8.05,527010.31,-0.03,-0.37,8.187999999999999,8.185,8.375,544088.56,556317.78,624350.49,4
2018-06-07,8.24,8.31,8.2,8.18,439171.25,-0.03,-0.36,8.176,8.193999999999999,8.392999999999999,567552.12,553676.39,635437.43,3
2018-06-06,8.15,8.29,8.24,8.11,597721.12,0.06,0.73,8.154,8.197000000000001,8.419,608527.21,581630.3,638945.25,2
2018-06-05,8.16,8.26,8.17,8.04,620818.06,0.01,0.12,8.112,8.214,8.446,630931.16,588876.65,643867.7,1
2018-06-04,8.12,8.19,8.16,8.07,535722.06,0.04,0.49,8.152000000000001,8.257,8.475,609873.3,592753.26,660586.03,0
2018-06-01,8.05,8.27,8.11,7.92,644328.12,0.02,0.25,8.182,8.31,8.499,568547.0,626154.02,676720.43,4
2018-05-31,8.06,8.11,8.09,7.95,644046.69,0.07,0.87,8.212,8.371,8.52,539800.66,627033.04,677251.31,3
2018-05-30,8.3,8.3,8.03,7.95,709740.88,-0.33,-3.95,8.24,8.427999999999999,8.551,554733.38,613830.2,685156.48,2
2018-05-29,8.29,8.44,8.37,8.26,515528.75,0.07,0.84,8.316,8.498,8.576,546822.14,608708.51,686025.12,1
2018-05-28,8.27,8.33,8.31,8.2,329090.56,0.04,0.48,8.362,8.543,8.593,575633.22,677548.84,694069.31,0
2018-05-25,8.22,8.29,8.26,8.13,500596.41,0.03,0.36,8.437999999999999,8.565,8.61,683761.03,692383.19,732559.12,4
2018-05-24,8.41,8.45,8.23,8.22,718710.31,-0.18,-2.14,8.53,8.592,8.63,714265.42,717198.47,734617.77,3
2018-05-23,8.6,8.6,8.41,8.4,670184.69,-0.18,-2.1,8.616,8.64,8.646,672927.02,696260.2,770083.97,2
2018-05-22,8.67,8.67,8.6,8.5,659584.12,-0.08,-0.92,8.68,8.677,8.648,670594.88,698858.75,766971.49,1
2018-05-21,8.78,8.82,8.69,8.64,869729.62,-0.03,-0.34,8.724,8.692,8.632,779464.46,728418.81,758222.73,0
2018-05-18,8.67,8.72,8.72,8.52,653118.38,0.06,0.69,8.692,8.687000000000001,8.612,701005.35,727286.84,750516.87,4
2018-05-17,8.73,8.76,8.66,8.6,512018.28,-0.07,-0.8,8.654,8.669,8.594,720131.51,727469.58,748277.16,3
2018-05-16,8.78,8.81,8.73,8.68,658524.0,-0.09,-1.02,8.664,8.674,8.574,719593.37,756482.75,748105.76,2
2018-05-15,8.55,8.83,8.82,8.54,1203932.0,0.28,3.28,8.674,8.652999999999999,8.552999999999999,727122.61,763341.73,764243.03,1
2018-05-14,8.5,8.58,8.53,8.47,477434.09,0.0,0.0,8.66,8.642999999999999,8.537,677373.16,710589.79,730527.15,0
2018-05-11,8.74,8.74,8.53,8.51,748749.19,-0.19,-2.18,8.682,8.655,8.543,753568.32,772735.05,755750.95,4
2018-05-10,8.81,8.85,8.71,8.64,509327.59,-0.07,-0.8,8.684,8.667,8.546,734807.64,752037.07,774579.04,3
2018-05-09,8.73,8.83,8.78,8.68,696170.19,0.03,0.34,8.684,8.651,8.527999999999999,793372.13,843907.74,781379.84,2
2018-05-08,8.63,8.8,8.75,8.61,955184.75,0.11,1.27,8.632,8.618,8.497,799560.85,835084.23,778122.74,1
2018-05-07,8.57,8.65,8.64,8.48,858409.88,0.11,1.29,8.626,8.572000000000001,8.462,743806.41,788026.65,757180.95,0
2018-05-04,8.69,8.69,8.54,8.51,654945.81,-0.17,-1.95,8.628,8.537,8.436,791901.79,773746.9,747671.32,4
2018-05-03,8.5,8.72,8.71,8.45,802150.0,0.2,2.35,8.65,8.519,8.417,769266.49,769084.74,769638.35,3
2018-05-02,8.73,8.8,8.52,8.48,727113.81,-0.2,-2.29,8.618,8.472999999999999,8.375,894443.36,739728.78,752050.8,2
2018-04-27,8.75,8.8,8.72,8.56,676412.56,0.08,0.93,8.604,8.453,8.343,870607.6,765144.33,763068.85,4
2018-04-26,8.88,8.94,8.65,8.58,1098886.75,0.01,0.12,8.517999999999999,8.431000000000001,8.296,832246.89,750464.52,767589.59,3
2018-04-25,8.56,8.66,8.65,8.46,541769.31,0.1,1.17,8.446,8.431000000000001,8.263,755592.01,738766.85,740999.7,2
2018-04-24,8.5,8.79,8.55,8.47,1428034.38,0.1,1.18,8.388,8.425,8.229,768903.0,797121.02,741857.84,1
2018-04-23,8.26,8.46,8.45,8.22,607935.0,0.15,1.81,8.328,8.404,8.209,585014.19,718851.93,741931.22,0
2018-04-20,8.26,8.32,8.29,8.16,484609.0,0.0,0.0,8.302,8.375,8.195,659681.06,721161.25,744052.33,4
2018-04-19,8.35,8.48,8.29,8.18,715612.38,-0.07,-0.84,8.344,8.351,8.192,668682.16,726335.26,753470.61,3
2018-04-18,8.4,8.48,8.36,8.17,608324.25,0.12,1.46,8.416,8.335,8.191,721941.69,721595.75,744581.29,2
2018-04-17,8.35,8.41,8.25,8.2,508590.34,-0.08,-0.96,8.462,8.314,8.186,825339.04,770191.96,740127.69,1
2018-04-16,8.5,8.5,8.32,8.18,981269.31,-0.19,-2.23,8.48,8.276,8.187000000000001,852689.67,764372.82,739531.73,0
2018-04-13,8.65,8.72,8.5,8.5,529614.5,-0.15,-1.73,8.448,8.232999999999999,8.187999999999999,782641.44,760993.36,718144.39,4
2018-04-12,8.53,8.69,8.65,8.53,981910.06,0.06,0.7,8.357999999999999,8.16,8.175,783988.36,784714.66,727827.8,3
2018-04-11,8.36,8.62,8.59,8.36,1125311.0,0.25,3.0,8.254,8.095,8.16,721249.8,743232.56,735889.03,2
2018-04-10,8.25,8.35,8.34,8.21,645343.5,0.17,2.08,8.166,8.032,8.158,715044.87,686594.66,739668.43,1
2018-04-09,8.05,8.24,8.16,8.0,631028.12,0.11,1.37,8.072000000000001,8.014,8.167,676055.96,765010.5,756554.41,0
2018-04-04,8.14,8.25,8.05,8.02,536349.12,-0.09,-1.11,8.017999999999999,8.015,8.181000000000001,739345.29,766943.41,754478.61,2
2018-04-03,8.08,8.27,8.13,8.06,668217.25,-0.03,-0.37,7.962000000000001,8.032,8.198,785440.96,780605.96,789276.45,1
2018-04-02,7.94,8.21,8.15,7.87,1094286.38,0.29,3.69,7.936,8.046,8.212,765215.31,767566.83,827577.91,0
2018-03-30,7.89,7.93,7.87,7.81,450398.94,-0.02,-0.25,7.898,8.058,8.211,658144.45,710063.42,819208.46,4
2018-03-29,7.8,7.99,7.89,7.54,947474.75,0.11,1.41,7.956,8.097999999999999,8.224,853965.04,714690.65,835406.73,3
2018-03-28,7.92,7.95,7.77,7.7,766827.5,-0.23,-2.88,8.012,8.142000000000001,8.241,794541.53,675295.41,837943.21,2
2018-03-27,8.05,8.09,8.0,7.95,567089.0,0.05,0.63,8.102,8.19,8.266,775770.95,670940.94,864536.39,1
2018-03-26,7.95,8.02,7.96,7.87,558932.06,-0.19,-2.33,8.156,8.225,8.293,769918.35,728545.51,887415.2,0
2018-03-23,7.84,8.16,8.16,7.7,1429501.88,-0.01,-0.12,8.218,8.283999999999999,8.334,761982.39,792742.2,901691.54,4
2018-03-22,8.2,8.21,8.17,8.03,650357.19,-0.04,-0.49,8.24,8.318999999999999,8.355,575416.26,748098.32,850320.09,3
2018-03-21,8.27,8.32,8.22,8.11,672974.62,-0.05,-0.6,8.272,8.346,8.378,556049.3,742013.81,850819.01,2
2018-03-20,8.18,8.28,8.27,8.14,537826.0,0.0,0.0,8.277999999999999,8.363,8.383,566110.94,797946.95,832526.67,1
2018-03-19,8.24,8.29,8.27,8.18,519252.28,0.0,0.0,8.294,8.378,8.387,687172.66,887588.99,838767.62,0
2018-03-16,8.33,8.39,8.27,8.26,496671.22,-0.06,-0.72,8.35,8.363999999999999,8.386000000000001,823502.01,928353.5,851274.94,4
2018-03-15,8.27,8.37,8.33,8.22,553522.38,0.08,0.97,8.398,8.349,8.386000000000001,920780.37,956122.8,903481.66,3
2018-03-14,8.27,8.3,8.25,8.16,723282.81,-0.07,-0.84,8.42,8.339,8.407,927978.32,1000591.0,919699.13,2
2018-03-13,8.56,8.58,8.35,8.24,1143134.62,-0.19,-2.23,8.448,8.342,8.437000000000001,1029782.96,1058131.84,965068.96,1
2018-03-12,8.53,8.67,8.55,8.53,1200899.0,0.05,0.59,8.462,8.36,8.481,1088005.31,1046284.89,1004942.58,0
2018-03-09,8.46,8.51,8.51,8.39,983063.06,0.07,0.83,8.378,8.383,8.527999999999999,1033205.0,1010640.89,1004158.99,4
2018-03-08,8.42,8.46,8.44,8.33,589512.12,0.07,0.84,8.3,8.39,8.566,991465.23,952541.86,999619.55,3
2018-03-07,8.43,8.6,8.39,8.32,1232306.0,-0.02,-0.24,8.258,8.408999999999999,8.607999999999999,1073203.68,959624.2,1039047.96,2
2018-03-06,8.17,8.45,8.42,8.06,1434246.38,0.3,3.69,8.236,8.402999999999999,8.648,1086480.73,867106.39,1038831.89,1
2018-03-05,8.15,8.22,8.13,8.04,926897.44,0.02,0.25,8.258,8.395,8.685,1004564.46,789946.25,1029384.94,0
2018-03-02,8.15,8.21,8.12,8.08,774364.19,-0.1,-1.22,8.388,8.407,8.748,988076.78,774196.38,1069366.48,4
2018-03-01,8.17,8.3,8.23,8.14,998204.38,-0.05,-0.6,8.48,8.423,8.835,913618.49,850840.51,1086514.04,3
2018-02-28,8.42,8.42,8.28,8.13,1298691.25,-0.24,-2.82,8.56,8.475,8.913,846044.72,838807.25,1117105.37,2
2018-02-27,8.78,8.78,8.53,8.51,1024665.06,-0.24,-2.74,8.57,8.532,8.981,647732.06,872006.08,1119800.05,1
2018-02-26,8.61,8.84,8.78,8.6,844459.0,0.2,2.33,8.532,8.601,9.04,575328.03,963600.27,1138054.67,0
2018-02-23,8.67,8.68,8.58,8.5,402072.75,-0.05,-0.58,8.426,8.672,9.073,560315.98,997677.08,1147987.38,4
2018-02-22,8.45,8.65,8.63,8.36,660335.56,0.3,3.6,8.366,8.741,9.118,788062.53,1046697.24,1196358.88,3
2018-02-14,8.33,8.4,8.33,8.2,307127.91,-0.01,-0.12,8.39,8.806000000000001,9.166,831569.78,1118471.71,1231579.44,2
2018-02-13,8.36,8.47,8.34,8.32,662644.94,0.09,1.09,8.494,8.892999999999999,9.217,1096280.1,1210557.39,1284169.3,1
2018-02-12,8.25,8.35,8.25,8.08,769398.75,-0.03,-0.36,8.67,8.974,9.28,1351872.51,1268823.62,1323208.46,0
2018-02-09,8.4,8.4,8.28,7.88,1540805.5,-0.47,-5.37,8.918,9.088,9.329,1435038.19,1364536.59,1348518.1,4
2018-02-08,8.73,8.85,8.75,8.54,877871.81,-0.1,-1.13,9.116,9.246,9.382,1305331.95,1322187.58,1332379.79,3
2018-02-07,9.41,9.44,8.85,8.51,1630679.5,-0.39,-4.22,9.222000000000001,9.351,9.413,1405373.64,1395403.48,1368630.32,2
2018-02-06,9.31,9.59,9.22,9.03,1940607.0,-0.27,-2.85,9.292,9.429,9.458,1324834.69,1367594.02,1349484.55,1
2018-02-05,9.1,9.59,9.49,9.1,1185227.12,0.21,2.26,9.277999999999999,9.478,9.485,1185774.74,1312509.06,1320450.75,0
2018-02-02,9.1,9.32,9.27,9.06,892274.31,0.0,0.0,9.258,9.472999999999999,9.505,1294034.99,1298297.67,1363291.55,4
2018-02-01,9.12,9.29,9.28,8.92,1378080.25,0.09,0.98,9.376,9.495,9.521,1339043.2,1346020.52,1416597.28,3
2018-01-31,9.1,9.36,9.2,9.04,1227984.75,0.05,0.55,9.48,9.525,9.529,1385433.33,1344687.17,1408625.16,2
2018-01-30,9.3,9.41,9.15,9.11,1245307.25,-0.24,-2.56,9.566,9.541,9.543,1410353.35,1357781.2,1419848.11,1
2018-01-29,9.86,9.98,9.39,9.29,1726528.38,-0.47,-4.77,9.677999999999999,9.586,9.56,1439243.38,1377593.29,1471809.45,0
2018-01-26,9.8,9.98,9.86,9.7,1117315.38,0.06,0.61,9.687999999999999,9.57,9.545,1302560.35,1332499.61,1437031.96,4
2018-01-25,9.56,9.93,9.8,9.52,1610030.88,0.17,1.76,9.613999999999999,9.517999999999999,9.505,1352997.83,1342572.01,1490670.77,3
2018-01-24,9.65,9.73,9.63,9.47,1352584.88,-0.07,-0.72,9.57,9.475,9.461,1303941.0,1341857.16,1501730.88,2
2018-01-23,9.41,9.71,9.71,9.33,1389757.38,0.26,2.75,9.516,9.486,9.434,1305209.05,1331375.08,1568291.85,1
2018-01-22,9.4,9.49,9.44,9.23,1043113.25,-0.04,-0.42,9.494,9.491,9.371,1315943.2,1328392.45,1574469.79,0
2018-01-19,9.69,9.87,9.49,9.41,1369502.75,-0.1,-1.04,9.452,9.536,9.316,1362438.87,1428285.42,1544721.23,4
2018-01-18,9.28,9.62,9.58,9.18,1364746.75,0.22,2.35,9.422,9.547,9.259,1332146.2,1487174.04,1509813.58,3
2018-01-17,9.68,9.74,9.36,9.23,1358925.12,-0.24,-2.5,9.38,9.533,9.191,1379773.32,1472563.15,1493668.13,2
2018-01-16,9.27,9.61,9.6,9.25,1443428.12,0.39,4.24,9.456,9.545,9.15,1357541.1,1481915.01,1456639.88,1
2018-01-15,9.3,9.43,9.23,9.1,1275591.62,-0.11,-1.18,9.488,9.533999999999999,9.096,1340841.7,1566025.6,1417929.99,0
2018-01-12,9.23,9.47,9.34,9.16,1218039.38,-0.04,-0.43,9.62,9.519,9.057,1494131.98,1541564.31,1393055.17,4
2018-01-11,9.68,9.69,9.37,9.26,1602882.38,-0.38,-3.9,9.672,9.492,9.017000000000001,1642201.88,1638769.53,1372700.44,3
2018-01-10,9.7,9.8,9.74,9.51,1247764.0,-0.01,-0.1,9.686,9.447000000000001,8.972000000000001,1565352.98,1661604.6,1346254.28,2
2018-01-09,9.83,9.95,9.76,9.62,1359931.12,-0.12,-1.22,9.634,9.381,8.912,1606288.93,1805208.63,1327598.39,1
2018-01-08,9.63,10.02,9.89,9.63,2042043.0,0.3,3.13,9.58,9.251,8.863,1791209.5,1820547.14,1302752.22,0
2018-01-05,9.42,9.78,9.6,9.38,1958388.88,0.16,1.7,9.418,9.095,8.8,1588996.65,1661157.03,1269314.62,4
2018-01-04,9.46,9.54,9.44,9.34,1218637.88,-0.03,-0.32,9.312000000000001,8.971,8.764,1635337.18,1532453.13,1219085.96,3
2018-01-03,9.45,9.58,9.48,9.38,1452443.75,0.0,0.0,9.208,8.849,8.746,1757856.22,1514773.1,1220368.03,2
2018-01-02,9.16,9.68,9.49,9.16,2284534.0,0.42,4.63,9.128,8.754,8.721,2004128.32,1431364.75,1247715.78,1
2017-12-29,9.01,9.12,9.08,8.96,1030978.75,0.0,0.0,8.922,8.657,8.697000000000001,1849884.77,1269834.38,1192349.48,4
2017-12-28,8.98,9.28,9.07,8.81,2190091.5,0.15,1.68,8.772,8.595,8.696,1733317.41,1244546.03,1196513.44,3
2017-12-27,8.99,9.09,8.92,8.83,1831233.12,-0.16,-1.76,8.63,8.541,8.693999999999999,1429569.08,1106631.35,1170172.38,2
2017-12-26,8.54,9.2,9.08,8.46,2683804.25,0.62,7.33,8.49,8.496,8.704,1271689.98,1030903.95,1183391.89,1
2017-12-25,8.57,8.8,8.46,8.32,1513316.25,0.14,1.68,8.38,8.443,8.672,858601.17,849988.15,1085240.83,0
2017-12-22,8.39,8.47,8.33,8.3,448141.91,-0.02,-0.24,8.392000000000001,8.474,8.663,689783.98,784957.3,1054838.01,4
2017-12-21,8.17,8.46,8.36,8.14,671349.88,0.14,1.7,8.418,8.505,8.668,755774.66,877472.21,1097238.65,3
2017-12-20,8.52,8.53,8.22,8.2,1041837.62,-0.3,-3.52,8.452,8.557,8.677999999999999,783693.62,905718.8,1170592.02,2
2017-12-19,8.52,8.56,8.53,8.41,618360.19,0.01,0.12,8.502,8.642000000000001,8.702,790117.92,925962.96,1245463.67,1
2017-12-18,8.41,8.54,8.52,8.35,669230.31,0.07,0.83,8.506,8.687999999999999,8.725,841375.14,1064066.81,1305408.41,0
2017-12-15,8.47,8.58,8.46,8.31,778095.31,-0.06,-0.7,8.556000000000001,8.736,8.742,880130.62,1114864.59,1350033.16,4
2017-12-14,8.43,8.66,8.53,8.39,810944.69,0.06,0.71,8.592,8.797,8.754,999169.76,1148480.86,1409315.87,3
2017-12-13,8.49,8.5,8.47,8.3,1073959.12,-0.08,-0.94,8.662,8.846,8.748,1027743.97,1233713.4,1409514.06,2
2017-12-12,8.79,8.87,8.55,8.53,874646.25,-0.23,-2.62,8.782,8.911,8.743,1061808.0,1335879.84,1399624.6,1
2017-12-11,8.61,8.79,8.77,8.54,863007.75,0.14,1.62,8.87,8.9,8.744,1286758.47,1320493.51,1413736.05,0
2017-12-08,8.81,8.81,8.64,8.52,1373291.0,-0.24,-2.7,8.916,8.852,8.741,1349598.55,1324718.72,1466803.04,4
2017-12-07,9.03,9.15,8.88,8.8,953815.75,-0.2,-2.2,9.002,8.831,8.735,1297791.95,1317005.09,1506578.65,3
2017-12-06,8.93,9.11,9.07,8.73,1244279.25,0.07,0.78,9.03,8.798,8.695,1439682.82,1435465.24,1512349.81,2
2017-12-05,8.92,9.2,8.99,8.87,1999398.62,-0.02,-0.22,9.04,8.761000000000001,8.644,1609951.67,1564964.39,1522279.23,1
2017-12-04,9.02,9.1,9.0,8.75,1177208.12,-0.07,-0.77,8.93,8.761000000000001,8.589,1354228.55,1546750.02,1456276.74,0
2017-12-01,9.04,9.13,9.07,8.88,1114258.0,0.06,0.67,8.788,8.748,8.529,1299838.9,1585201.74,1417627.14,4
2017-11-30,9.08,9.13,9.02,8.85,1663270.12,-0.1,-1.1,8.66,8.71,8.468,1336218.22,1670150.88,1399917.39,3
2017-11-29,8.47,9.17,9.12,8.39,2095623.5,0.67,7.93,8.566,8.65,8.408999999999999,1431247.65,1585314.73,1363276.96,2
2017-11-28,8.29,8.49,8.44,8.22,720783.0,0.16,1.93,8.482000000000001,8.574,8.362,1519977.1,1463369.37,1288266.84,1
2017-11-27,8.38,8.4,8.29,8.16,905259.88,-0.15,-1.78,8.592,8.588,8.35,1739271.5,1506978.58,1275553.6,0
2017-11-24,8.4,8.48,8.43,8.16,1296154.62,-0.1,-1.17,8.708,8.63,8.349,1870564.57,1608887.36,1265845.21,4
2017-11-23,8.7,9.02,8.55,8.46,2138417.25,-0.15,-1.72,8.76,8.638,8.339,2004083.53,1696152.22,1234752.48,3
2017-11-22,8.82,8.83,8.7,8.61,2539270.75,-0.29,-3.23,8.734,8.592,8.328,1739381.8,1589234.38,1182601.82,2
2017-11-21,8.81,9.0,8.99,8.72,1817255.0,0.13,1.47,8.666,8.526,8.3,1406761.64,1479594.08,1097252.06,1
2017-11-20,8.57,8.93,8.87,8.53,1561725.25,0.17,1.95,8.584,8.416,8.245,1274685.66,1365803.45,1020454.5,0
2017-11-17,8.49,8.88,8.69,8.36,1963749.38,0.27,3.21,8.552,8.309,8.192,1347210.14,1250052.54,958948.31,4
2017-11-16,8.35,8.54,8.42,8.33,814908.62,0.07,0.84,8.516,8.226,8.151,1388220.91,1129683.91,875109.8,3
2017-11-15,8.5,8.53,8.36,8.31,876169.94,-0.22,-2.56,8.45,8.168,8.121,1439086.96,1141239.2,849070.11,2
2017-11-14,8.65,8.7,8.58,8.41,1156875.12,-0.12,-1.38,8.386000000000001,8.15,8.101,1552426.52,1113164.31,826390.97,1
2017-11-13,8.51,8.85,8.71,8.35,1924347.62,0.2,2.35,8.248,8.112,8.068,1456921.24,1044128.61,812477.51,0
2017-11-10,8.1,8.55,8.51,8.04,2168803.25,0.42,5.19,8.066,8.068,8.026,1152894.95,922803.07,736957.06,4
2017-11-09,8.05,8.22,8.09,7.92,1069238.88,0.05,0.62,7.936,8.04,7.995,871146.91,773352.74,659984.04,3
2017-11-08,7.9,8.16,8.04,7.87,1442867.75,0.15,1.9,7.886,8.062999999999999,7.981,843391.44,775969.27,625202.72,2
2017-11-07,7.8,7.99,7.89,7.78,679348.69,0.09,1.15,7.914,8.074,7.9670000000000005,673902.09,714910.05,568050.52,1
2017-11-06,7.85,7.85,7.8,7.71,404216.19,-0.06,-0.76,7.976,8.073,7.962000000000001,631335.98,675105.56,554079.75,0
2017-11-03,7.84,7.88,7.86,7.65,760063.06,0.02,0.26,8.07,8.075,7.961,692711.19,667844.08,563341.6,4
2017-11-02,8.1,8.15,7.84,7.82,930461.5,-0.34,-4.16,8.144,8.076,7.95,675558.57,620535.7,546162.71,3
2017-11-01,8.2,8.36,8.18,8.15,595421.0,-0.02,-0.24,8.24,8.073,7.932,708547.09,556901.02,517262.91,2
2017-10-31,8.27,8.28,8.2,8.1,466518.16,-0.07,-0.85,8.234,8.052,7.901,755918.01,539617.63,520089.0,1
2017-10-30,8.24,8.35,8.27,8.03,711092.25,0.04,0.49,8.17,8.023,7.858,718875.13,580826.4,513559.65,0
2017-10-27,8.3,8.43,8.23,8.2,674299.94,-0.09,-1.08,8.08,7.983,7.811,642976.96,551111.04,503283.04,4
2017-10-26,8.13,8.37,8.32,8.1,1095404.12,0.17,2.09,8.008,7.95,7.772,565512.82,546615.34,500119.67,3
2017-10-25,7.95,8.18,8.15,7.9,832275.56,0.27,3.43,7.906000000000001,7.899,7.7379999999999995,405254.95,474436.17,466512.33,2
2017-10-24,7.84,7.97,7.88,7.84,281303.78,0.08,1.03,7.87,7.86,7.716,323317.26,421191.0,443825.72,1
2017-10-23,7.84,7.92,7.82,7.77,331601.38,-0.05,-0.64,7.876,7.851,7.71,442777.68,433053.95,446902.6,0
2017-10-20,7.78,7.89,7.87,7.76,286979.28,0.06,0.77,7.886,7.846,7.709,459245.13,458839.12,448849.26,4
2017-10-19,7.97,7.98,7.81,7.8,294114.75,-0.16,-2.01,7.892,7.824,7.7,527717.86,471789.71,450213.41,3
2017-10-18,7.91,7.99,7.97,7.85,422587.09,0.06,0.76,7.892,7.791,7.697,543617.39,477624.8,455387.59,2
2017-10-17,8.0,8.2,7.91,7.89,878605.88,0.04,0.51,7.85,7.749,7.688,519064.73,500560.37,472710.06,1
2017-10-16,7.92,7.93,7.87,7.78,413938.66,-0.03,-0.38,7.8260000000000005,7.693,7.675,423330.22,446292.9,461100.14,0
2017-10-13,7.8,7.96,7.9,7.78,629342.94,0.09,1.15,7.806,7.638,7.667000000000001,458433.11,455455.04,475531.96,4
2017-10-12,7.77,7.85,7.81,7.73,373612.38,0.05,0.64,7.756,7.593999999999999,7.662000000000001,415861.56,453624.0,467611.57,3
2017-10-11,7.79,7.8,7.76,7.74,299823.81,-0.03,-0.39,7.69,7.5760000000000005,7.662999999999999,411632.21,458588.49,481037.14,2
2017-10-10,7.76,7.8,7.79,7.7,399933.31,0.02,0.26,7.648,7.572,7.664,482056.01,466460.45,496373.83,1
2017-10-09,7.72,7.79,7.77,7.7,589453.12,0.12,1.57,7.56,7.568,7.664,469255.57,460751.25,509222.34,0
2017-09-29,7.51,7.68,7.65,7.51,416485.19,0.17,2.27,7.47,7.571000000000001,7.662999999999999,452476.96,438859.4,522264.72,4
2017-09-28,7.55,7.58,7.48,7.48,352465.62,-0.07,-0.93,7.432,7.575,7.67,491386.45,428637.1,552232.4,3
2017-09-27,7.33,7.57,7.55,7.27,651942.81,0.2,2.72,7.462000000000001,7.602,7.687,505544.77,433150.39,615168.91,2
2017-09-26,7.32,7.38,7.35,7.28,335931.12,0.03,0.41,7.496,7.627000000000001,7.712000000000001,450864.9,444859.75,708452.15,1
2017-09-25,7.44,7.45,7.32,7.3,505560.06,-0.14,-1.88,7.5760000000000005,7.657,7.77,452246.94,475907.39,716684.98,0
2017-09-22,7.65,7.65,7.46,7.42,611032.62,-0.17,-2.23,7.672000000000001,7.695,7.827999999999999,425241.85,495608.88,728493.88,4
2017-09-21,7.72,7.72,7.63,7.63,423257.25,-0.09,-1.17,7.718,7.729,7.867999999999999,365887.76,481599.14,720503.86,3
2017-09-20,7.78,7.78,7.72,7.67,378543.44,-0.03,-0.39,7.742000000000001,7.749,7.891,360756.01,503485.79,710494.49,2
2017-09-19,7.82,7.83,7.75,7.72,342841.31,-0.05,-0.64,7.757999999999999,7.755,7.91,438854.61,526287.2,710463.59,1
2017-09-18,7.69,7.81,7.8,7.69,370534.62,0.11,1.43,7.7379999999999995,7.7589999999999995,7.937,499567.84,557693.43,706944.62,0
2017-09-15,7.76,7.77,7.69,7.66,314262.19,-0.06,-0.77,7.718,7.755,7.962000000000001,565975.91,605670.04,706979.64,4
2017-09-14,7.81,7.86,7.75,7.71,397598.47,-0.05,-0.64,7.74,7.763999999999999,7.987,597310.51,675827.69,704270.45,3
2017-09-13,7.63,7.85,7.8,7.62,769036.44,0.15,1.96,7.756,7.772,8.01,646215.58,797187.43,704038.53,2
2017-09-12,7.7,7.71,7.65,7.6,646407.5,-0.05,-0.65,7.752000000000001,7.797000000000001,8.025,613719.8,972044.54,685424.3,1
2017-09-11,7.78,7.78,7.7,7.65,702574.94,-0.1,-1.28,7.78,7.882000000000001,8.05,615819.01,957462.58,679649.25,0
2017-09-08,7.84,7.9,7.8,7.77,470935.19,-0.03,-0.38,7.792000000000001,7.96,8.075,645364.16,961378.88,672417.85,4
2017-09-07,7.78,7.91,7.83,7.75,642123.81,0.05,0.64,7.787999999999999,8.006,8.088,754344.87,959408.59,723328.64,3
2017-09-06,7.75,7.82,7.78,7.7,606557.56,-0.01,-0.13,7.787999999999999,8.033,8.125,948159.29,917503.19,747293.34,2
2017-09-05,7.76,7.82,7.79,7.7,656903.56,0.03,0.39,7.8420000000000005,8.065,8.177999999999999,1330369.28,894639.98,763083.95,1
2017-09-04,7.77,7.79,7.76,7.68,850300.69,-0.02,-0.26,7.984,8.115,8.228,1299106.14,856195.81,771577.32,0
2017-09-01,7.82,7.83,7.78,7.72,1015838.75,-0.05,-0.64,8.128,8.169,8.285,1277393.59,808289.24,778792.9,4
2017-08-31,8.06,8.06,7.83,7.67,1611195.88,-0.22,-2.73,8.224,8.209,8.339,1164472.31,732713.2,805299.04,3
2017-08-30,7.9,8.17,8.05,7.65,2517607.5,-0.45,-5.29,8.277999999999999,8.247,8.379,886847.1,610889.63,759383.15,2
2017-08-29,8.48,8.52,8.5,8.39,500587.88,0.02,0.24,8.288,8.253,8.402999999999999,458910.69,398804.07,670806.82,1
2017-08-28,8.27,8.59,8.48,8.25,741737.94,0.22,2.66,8.246,8.218,8.413,413285.47,401835.93,711986.87,0
2017-08-25,8.1,8.28,8.26,8.1,451232.34,0.16,1.98,8.21,8.19,8.415,339184.89,383456.83,721462.47,4
2017-08-24,8.11,8.18,8.1,8.06,223069.84,0.01,0.12,8.193999999999999,8.17,8.416,300954.1,487248.69,729389.4,3
2017-08-23,8.28,8.29,8.1,8.08,377925.44,-0.19,-2.29,8.216000000000001,8.216000000000001,8.426,334932.15,577083.48,769994.04,2
2017-08-22,8.26,8.34,8.29,8.2,272461.81,-0.01,-0.12,8.218,8.291,8.446,338697.45,631527.91,796836.92,1
2017-08-21,8.19,8.33,8.3,8.19,371235.0,0.12,1.47,8.19,8.341000000000001,8.456,390386.39,686958.83,819857.7,0
2017-08-18,8.18,8.22,8.18,8.11,260078.39,-0.03,-0.36,8.17,8.4,8.466000000000001,427728.78,749296.55,862313.1,4
2017-08-17,8.12,8.25,8.21,8.11,392960.12,0.1,1.23,8.146,8.468,8.476,673543.28,877884.88,886299.72,3
2017-08-16,8.15,8.19,8.11,8.06,396751.94,-0.04,-0.49,8.216000000000001,8.511000000000001,8.484,819234.8,907876.68,921078.35,2
2017-08-15,8.2,8.25,8.15,8.08,530906.5,-0.05,-0.61,8.363999999999999,8.552999999999999,8.501,924358.38,942809.58,989178.88,1
2017-08-14,8.05,8.21,8.2,8.04,557946.94,0.14,1.74,8.492,8.607999999999999,8.499,983531.26,1022137.81,995982.83,0
2017-08-11,8.46,8.46,8.06,8.01,1489150.88,-0.5,-5.84,8.63,8.639,8.485,1070864.33,1059468.1,1014565.42,4
2017-08-10,8.8,8.85,8.56,8.5,1121417.75,-0.29,-3.28,8.79,8.661,8.484,1082226.47,971530.11,974233.7,3
2017-08-09,8.85,8.93,8.85,8.65,922369.81,0.06,0.68,8.806000000000001,8.635,8.447000000000001,996518.55,962904.61,965755.87,2
2017-08-08,8.86,8.98,8.79,8.7,826770.94,-0.1,-1.12,8.742,8.6,8.402000000000001,961260.77,962145.92,956741.63,1
2017-08-07,8.82,8.91,8.89,8.63,994612.25,0.03,0.34,8.724,8.57,8.365,1060744.36,952756.58,960187.14,0
2017-08-04,8.65,9.05,8.86,8.61,1545961.62,0.22,2.55,8.648,8.531,8.336,1048071.87,975329.64,977860.63,4
2017-08-03,8.6,8.75,8.64,8.51,692878.12,0.11,1.29,8.532,8.482999999999999,8.292,860833.74,894714.57,929445.99,3
2017-08-02,8.7,8.71,8.53,8.51,746080.94,-0.17,-1.95,8.464,8.456,8.259,929290.68,934280.02,937177.48,2
2017-08-01,8.51,8.76,8.7,8.5,1324188.88,0.19,2.23,8.458,8.448,8.242,963031.06,1035548.19,929711.02,1
2017-07-31,8.29,8.52,8.51,8.22,931249.81,0.23,2.78,8.416,8.389,8.212,844768.79,969827.85,897699.95,0
2017-07-28,8.34,8.37,8.28,8.21,609770.94,-0.02,-0.24,8.414,8.331,8.19,902587.4,969662.74,880357.79,4
2017-07-27,8.48,8.52,8.3,8.22,1035162.81,-0.2,-2.35,8.434,8.306000000000001,8.183,928595.4,976937.3,882152.33,3
2017-07-26,8.55,8.7,8.5,8.44,914782.88,0.01,0.12,8.448,8.258,8.176,939269.36,968607.13,863241.73,2
2017-07-25,8.49,8.58,8.49,8.42,732877.5,-0.01,-0.12,8.437999999999999,8.203,8.158,1108065.31,951337.34,861155.79,1
2017-07-24,8.44,8.7,8.5,8.4,1220342.88,0.12,1.43,8.362,8.16,8.15,1094886.91,967617.7,874745.9,0
2017-07-21,8.37,8.48,8.38,8.28,739810.94,0.01,0.12,8.248,8.14,8.139,1036738.07,980391.62,891897.79,4
2017-07-20,8.46,8.62,8.37,8.32,1088532.62,-0.08,-0.95,8.177999999999999,8.101,8.107000000000001,1025279.2,964177.41,890864.63,3
2017-07-19,8.18,8.47,8.45,8.13,1758762.62,0.34,4.19,8.068,8.061,8.068999999999999,997944.9,940074.95,888428.92,2
2017-07-18,7.89,8.12,8.11,7.81,666985.5,0.18,2.27,7.968,8.036,8.019,794609.37,823873.86,821082.44,1
2017-07-17,8.03,8.12,7.93,7.73,929598.69,-0.1,-1.25,7.957999999999999,8.035,7.985,840348.49,825572.05,804502.9,0
2017-07-14,7.83,8.05,8.03,7.82,682516.56,0.21,2.69,8.032,8.049,7.962000000000001,924045.17,791052.84,788192.55,4
2017-07-13,7.95,8.13,7.82,7.8,951861.12,-0.13,-1.64,8.024,8.059,7.9239999999999995,903075.62,787367.36,771430.58,3
2017-07-12,8.03,8.09,7.95,7.82,742085.0,-0.11,-1.36,8.054,8.094,7.9,882205.0,757876.32,746038.96,2
2017-07-11,8.27,8.27,8.06,8.05,895681.06,-0.24,-2.89,8.104,8.113,7.869,853138.35,770974.24,735299.14,1
2017-07-10,7.98,8.33,8.3,7.91,1348082.12,0.31,3.88,8.112,8.139,7.832000000000001,810795.61,781874.1,711240.78,0
2017-07-07,7.92,8.03,7.99,7.9,577668.81,0.02,0.25,8.066,8.138,7.781000000000001,658060.51,803403.96,680285.36,4
2017-07-06,8.19,8.19,7.97,7.9,847508.0,-0.23,-2.81,8.094,8.113,7.747000000000001,671659.1,817551.86,703154.77,3
2017-07-05,8.11,8.2,8.2,8.03,596751.75,0.1,1.24,8.134,8.076,7.696000000000001,633547.65,836782.89,671156.99,2
2017-07-04,8.04,8.22,8.1,8.02,683967.38,0.03,0.37,8.122,8.001,7.635,688810.12,818291.02,654928.14,1
2017-07-03,8.14,8.16,8.07,7.95,584406.62,-0.06,-0.74,8.166,7.935,7.572,752952.59,783433.74,629837.11,0
2017-06-30,8.15,8.16,8.13,8.0,645661.75,-0.04,-0.49,8.21,7.875,7.513,948747.41,785332.26,613239.47,4
2017-06-29,8.19,8.25,8.17,8.1,656950.75,0.03,0.37,8.132,7.787999999999999,7.452999999999999,963444.61,755493.81,594507.08,3
2017-06-28,8.33,8.34,8.14,8.09,873064.12,-0.18,-2.16,8.017999999999999,7.705,7.393,1040018.12,734201.6,575453.23,2
2017-06-27,8.26,8.35,8.32,8.16,1004679.69,0.03,0.36,7.88,7.624,7.331,947771.92,699624.04,547993.67,1
2017-06-26,7.78,8.47,8.29,7.76,1563380.75,0.55,7.11,7.704,7.524,7.26,813914.9,640607.46,514689.02,0
2017-06-23,7.58,7.75,7.74,7.56,719147.75,0.14,1.84,7.54,7.4239999999999995,7.188,621917.11,557166.77,456561.59,4
2017-06-22,7.45,7.8,7.6,7.43,1039818.31,0.15,2.01,7.444,7.38,7.135,547543.0,588757.68,430038.96,3
2017-06-21,7.59,7.59,7.45,7.39,411833.09,0.01,0.13,7.392,7.316,7.09,428385.07,505531.09,398527.76,2
2017-06-20,7.48,7.53,7.44,7.4,335394.59,-0.03,-0.4,7.367999999999999,7.268,7.053,451476.16,491565.26,389573.26,1
2017-06-19,7.32,7.49,7.47,7.3,603391.81,0.21,2.89,7.343999999999999,7.209,7.016,467300.02,476240.48,383907.34,0
2017-06-16,7.33,7.36,7.26,7.2,347277.19,-0.08,-1.09,7.308,7.15,6.979,492416.42,441146.68,365927.78,4
2017-06-15,7.3,7.4,7.34,7.25,444028.66,0.01,0.14,7.316,7.117000000000001,6.952999999999999,629972.37,433520.36,366606.24,3
2017-06-14,7.3,7.45,7.33,7.27,527288.56,0.01,0.14,7.24,7.08,6.922999999999999,582677.11,416704.87,363927.83,2
2017-06-13,7.3,7.41,7.32,7.26,414513.88,0.03,0.41,7.167999999999999,7.037000000000001,6.892,531654.36,396363.3,351031.08,1
2017-06-12,7.26,7.4,7.29,7.23,728973.81,-0.01,-0.14,7.074,6.996,6.859,485180.95,388770.59,346358.71,0
2017-06-09,6.92,7.33,7.3,6.92,1035056.94,0.34,4.88,6.992000000000001,6.9510000000000005,6.825,389876.95,355956.42,334913.59,4
2017-06-08,6.99,6.99,6.96,6.92,207552.34,-0.01,-0.14,6.917999999999999,6.89,6.791,237068.35,271320.24,298239.29,3
2017-06-07,6.84,6.97,6.97,6.82,272174.84,0.12,1.75,6.92,6.864,6.784,250732.64,291524.43,301135.65,2
2017-06-06,6.87,6.9,6.85,6.81,182146.8,-0.03,-0.44,6.906000000000001,6.837000000000001,6.779,261072.23,287581.25,314273.18,1
2017-06-05,6.95,7.0,6.88,6.86,252453.81,-0.05,-0.72,6.917999999999999,6.822,6.7860000000000005,292360.22,291574.19,337085.41,0
2017-06-02,6.96,6.96,6.93,6.81,271013.97,-0.04,-0.57,6.91,6.807,6.801,322035.9,290708.88,354047.36,4
2017-06-01,6.85,7.01,6.97,6.85,275873.78,0.07,1.01,6.862,6.787999999999999,6.813,305572.13,299692.12,368506.77,3
2017-05-31,6.95,7.1,6.9,6.89,323872.78,-0.01,-0.14,6.808,6.766,6.816,332316.21,311150.79,373178.23,2
2017-05-26,6.81,6.99,6.91,6.81,338586.78,0.07,1.02,6.768,6.746,6.822,314090.27,305698.86,382961.19,4
2017-05-25,6.69,6.88,6.84,6.66,400832.19,0.15,2.24,6.726,6.722,6.829,290788.15,303946.83,384707.39,3
2017-05-24,6.66,6.7,6.69,6.58,188695.12,-0.01,-0.15,6.704,6.6979999999999995,6.836,259381.85,313870.75,387946.11,2
2017-05-23,6.67,6.71,6.7,6.55,409594.19,0.0,0.0,6.7139999999999995,6.691,6.8420000000000005,293812.1,325158.34,392902.2,1
2017-05-22,6.7,6.83,6.7,6.66,232743.08,0.0,0.0,6.724,6.702999999999999,6.8420000000000005,289985.37,310746.88,388593.83,0
2017-05-19,6.71,6.79,6.7,6.65,222076.17,-0.03,-0.45,6.724,6.721,6.853,297307.44,340965.11,393658.9,4
2017-05-18,6.68,6.81,6.73,6.63,243800.7,-0.01,-0.15,6.718,6.75,6.859,317105.5,382596.63,398881.81,3
2017-05-17,6.76,6.81,6.74,6.73,360846.38,-0.01,-0.15,6.692,6.794,6.861000000000001,368359.65,417385.85,406881.15,2
2017-05-16,6.68,6.76,6.75,6.51,390460.5,0.05,0.75,6.667999999999999,6.837999999999999,6.865,356504.57,437321.41,409616.97,1
2017-05-15,6.78,6.82,6.7,6.67,269353.47,0.03,0.45,6.682,6.865,6.867999999999999,331508.39,435205.68,417811.06,0
2017-05-12,6.6,6.71,6.67,6.6,321066.47,0.07,1.06,6.718,6.898,6.877999999999999,384622.77,460223.53,428060.3,4
2017-05-11,6.6,6.74,6.6,6.43,500071.44,-0.02,-0.3,6.782,6.935,6.898,448087.75,465467.96,427424.14,3
2017-05-10,6.83,6.87,6.62,6.6,301570.97,-0.2,-2.93,6.896,6.973,6.922999999999999,466412.04,462021.46,445633.54,2
2017-05-09,6.84,6.88,6.82,6.78,265479.59,-0.06,-0.87,7.007999999999999,6.992000000000001,6.959,518138.26,460646.07,475773.22,1
2017-05-08,6.94,6.94,6.88,6.71,534925.38,-0.11,-1.57,7.047999999999999,6.981,6.981,538902.97,466440.79,484726.38,0
2017-05-05,7.13,7.17,6.99,6.92,638391.38,-0.18,-2.51,7.077999999999999,6.984,6.999,535824.28,446352.7,488712.42,4
2017-05-04,7.1,7.26,7.17,7.1,591692.88,-0.01,-0.14,7.087999999999999,6.968,7.016,482848.16,415166.99,501617.8,3
2017-05-03,7.02,7.18,7.18,7.02,560202.06,0.16,2.28,7.05,6.928,7.025,457630.88,396376.46,603888.83,2
2017-05-02,7.0,7.1,7.02,6.95,369303.16,-0.01,-0.14,6.976,6.891,7.026,403153.88,381912.52,597008.41,1
2017-04-28,7.06,7.1,7.03,6.91,519531.94,-0.01,-0.14,6.914,6.87,7.041,393978.61,400416.45,609491.54,4
2017-04-27,6.97,7.05,7.04,6.86,373510.78,0.06,0.86,6.89,6.858,7.064,356881.11,395897.08,605079.41,3
2017-04-26,6.8,7.0,6.98,6.8,465606.44,0.17,2.5,6.848,6.861000000000001,7.084,347485.81,389380.32,601898.12,2
2017-04-25,6.7,6.85,6.81,6.7,287817.09,0.1,1.49,6.806,6.872000000000001,7.112,335122.05,429245.62,605646.43,1
2017-04-24,6.95,6.95,6.71,6.7,323426.78,-0.2,-2.89,6.806,6.925,7.152,360671.15,490900.37,623007.4,0
2017-04-21,6.86,6.93,6.91,6.86,334044.44,0.08,1.17,6.8260000000000005,6.98,7.19,406854.29,503011.98,640901.63,4
2017-04-20,6.78,6.84,6.83,6.7,326534.31,0.06,0.89,6.8260000000000005,7.013999999999999,7.22,434913.05,531072.15,661668.28,3
2017-04-19,6.8,6.85,6.77,6.64,403787.62,-0.04,-0.59,6.874,7.064,7.251,431274.82,588068.6,664195.05,2
2017-04-18,6.88,6.94,6.81,6.77,415562.62,0.0,0.0,6.938,7.122000000000001,7.284,523369.2,811401.19,665841.78,1
2017-04-17,6.9,6.91,6.81,6.72,554342.44,-0.1,-1.45,7.044,7.1610000000000005,7.317,621129.59,812104.29,669013.37,0
2017-04-14,7.06,7.13,6.91,6.89,474338.28,-0.16,-2.26,7.1339999999999995,7.211,7.351,599169.67,818566.63,684245.85,4
2017-04-13,7.06,7.12,7.07,7.04,308343.16,-0.02,-0.28,7.202000000000001,7.269,7.385,627231.24,814261.75,677998.02,3
2017-04-12,7.28,7.28,7.09,7.06,864259.5,-0.25,-3.41,7.254,7.307,7.415,744862.38,814415.91,696474.36,2
2017-04-11,7.29,7.4,7.34,7.21,904364.56,0.08,1.1,7.306,7.351,7.444,1099433.18,782047.24,697133.85,1
2017-04-10,7.26,7.33,7.26,7.22,444542.84,0.01,0.14,7.278,7.377999999999999,7.452000000000001,1003079.0,755114.43,684197.73,0
2017-04-07,7.32,7.36,7.25,7.21,614646.12,-0.08,-1.09,7.287999999999999,7.4,7.457000000000001,1037963.58,778791.29,677811.83,4
2017-04-06,7.34,7.42,7.33,7.21,896498.88,-0.02,-0.27,7.336,7.426,7.465,1001292.26,792264.42,681231.58,3
2017-04-05,7.68,7.68,7.35,7.3,2637113.5,0.15,2.08,7.36,7.438,7.4670000000000005,883969.44,740321.51,660859.57,2
2017-03-31,7.31,7.37,7.2,7.16,422593.66,-0.11,-1.5,7.396,7.445,7.4639999999999995,464661.31,520282.36,559704.64,4
2017-03-30,7.48,7.53,7.31,7.28,618965.75,-0.18,-2.4,7.478,7.473,7.46,507149.85,525922.44,560954.57,3
2017-03-29,7.45,7.61,7.49,7.43,431289.5,0.04,0.54,7.5120000000000005,7.49,7.457999999999999,519618.99,549925.08,558796.67,2
2017-03-28,7.51,7.52,7.45,7.41,309884.81,-0.08,-1.06,7.516,7.501,7.449,583236.59,541734.28,561627.81,1
2017-03-27,7.63,7.74,7.53,7.51,540572.81,-0.08,-1.05,7.516,7.523,7.442,596673.57,578532.82,559812.81,0
2017-03-24,7.5,7.62,7.61,7.4,635036.38,0.13,1.74,7.494,7.5360000000000005,7.428999999999999,575903.41,612220.47,557552.95,4
2017-03-23,7.51,7.55,7.48,7.37,681311.44,-0.03,-0.4,7.468,7.525,7.419,544695.04,613281.03,548502.91,3
2017-03-22,7.41,7.63,7.51,7.38,749377.5,0.06,0.81,7.468,7.513999999999999,7.419,580231.16,576832.37,547796.53,2
2017-03-21,7.39,7.49,7.45,7.38,377069.72,0.03,0.4,7.486000000000001,7.502999999999999,7.416,500231.98,570198.74,555712.13,1
2017-03-20,7.47,7.48,7.42,7.35,436722.03,-0.06,-0.8,7.53,7.496,7.409,560392.06,581397.64,572165.25,0
2017-03-17,7.48,7.53,7.48,7.4,478994.5,0.0,0.0,7.577999999999999,7.483,7.403,648537.52,599126.92,588102.31,4
2017-03-16,7.6,7.67,7.48,7.4,858992.06,-0.12,-1.58,7.582000000000001,7.446000000000001,7.394,681867.03,595986.7,589037.81,3
2017-03-15,7.7,7.7,7.6,7.56,349381.59,-0.07,-0.91,7.56,7.425,7.385,573433.57,567668.26,571917.66,2
2017-03-14,7.63,7.84,7.67,7.61,677870.12,0.01,0.13,7.52,7.397,7.367000000000001,640165.49,581521.33,594883.84,1
2017-03-13,7.58,7.75,7.66,7.53,877449.31,0.16,2.13,7.462000000000001,7.36,7.357,602403.22,541092.81,589306.86,0
2017-03-10,7.4,7.61,7.5,7.4,645642.06,0.13,1.76,7.388,7.321000000000001,7.343,549716.32,502885.43,580397.55,4
2017-03-09,7.4,7.48,7.37,7.3,316824.78,-0.03,-0.41,7.31,7.312,7.336,510106.37,483724.78,602715.88,3
2017-03-08,7.42,7.55,7.4,7.38,683041.19,0.02,0.27,7.29,7.324,7.33,561902.94,518760.69,622218.32,2
2017-03-07,7.3,7.4,7.38,7.25,489058.78,0.09,1.24,7.274,7.327999999999999,7.317,522877.16,541225.52,617298.25,1
2017-03-06,7.14,7.29,7.29,7.14,614014.81,0.18,2.53,7.257999999999999,7.322,7.306,479782.4,562932.85,630506.34,0
2017-03-03,7.21,7.22,7.11,7.08,447592.31,-0.16,-2.2,7.254,7.3229999999999995,7.29,456054.54,577077.7,615146.48,4
2017-03-02,7.3,7.38,7.27,7.15,575807.62,-0.05,-0.68,7.314,7.341,7.278,457343.19,582088.91,606264.47,3
2017-03-01,7.3,7.33,7.32,7.22,487912.28,0.02,0.27,7.358,7.343999999999999,7.2589999999999995,475618.44,576167.06,590522.95,2
2017-02-28,7.31,7.33,7.3,7.25,273585.0,0.03,0.41,7.382000000000001,7.336,7.231,559573.88,608246.35,581502.34,1
2017-02-27,7.41,7.44,7.27,7.26,495375.47,-0.14,-1.89,7.386,7.353,7.206,646083.3,637520.9,585122.38,0
2017-02-24,7.47,7.5,7.41,7.33,454035.59,-0.08,-1.07,7.392,7.365,7.18,698100.86,657909.68,582568.62,4
2017-02-23,7.47,7.54,7.49,7.4,667183.88,0.05,0.67,7.367999999999999,7.36,7.142,706834.63,721706.98,568020.39,3
2017-02-22,7.35,7.52,7.44,7.25,907689.44,0.12,1.64,7.33,7.335,7.097,676715.67,725675.94,542578.11,2
2017-02-21,7.33,7.42,7.32,7.21,706132.12,0.02,0.27,7.29,7.305,7.058,656918.82,693370.98,508282.4,1
2017-02-20,7.26,7.44,7.3,7.25,755463.25,0.01,0.14,7.32,7.29,7.025,628958.51,698079.82,491988.26,0
2017-02-17,7.29,7.41,7.29,7.26,497704.44,-0.01,-0.14,7.337999999999999,7.256,6.985,617718.49,653215.26,488742.31,4
2017-02-16,7.25,7.45,7.3,7.25,516589.09,0.06,0.83,7.352,7.215,6.946000000000001,736579.33,630440.04,474699.84,3
2017-02-15,7.45,7.45,7.24,7.18,808705.19,-0.23,-3.08,7.34,7.172999999999999,6.902,774636.21,604878.84,455790.55,2
2017-02-14,7.42,7.52,7.47,7.35,566330.56,0.08,1.08,7.32,7.126,6.864,729823.14,554758.34,427004.51,1
2017-02-13,7.34,7.42,7.39,7.26,699263.19,0.03,0.41,7.26,7.059,6.8229999999999995,767201.14,532723.86,409545.74,0
2017-02-10,7.25,7.6,7.36,7.19,1092008.62,0.12,1.66,7.1739999999999995,6.995,6.791,688712.02,507227.57,402031.1,4
2017-02-09,7.11,7.27,7.24,7.08,706873.5,0.1,1.4,7.077999999999999,6.922999999999999,6.749,524300.74,414333.79,359649.81,3
2017-02-08,7.19,7.2,7.14,7.0,584639.81,-0.03,-0.42,7.006,6.858,6.716,435121.46,359480.29,362129.35,2
2017-02-07,6.95,7.18,7.17,6.94,753220.56,0.21,3.02,6.932,6.81,6.6739999999999995,379693.54,323193.83,342683.24,1
2017-02-06,6.87,7.0,6.96,6.83,306817.59,0.08,1.16,6.858,6.76,6.627999999999999,298246.58,285896.7,314206.98,0
2017-02-03,6.88,6.95,6.88,6.79,269952.25,0.0,0.0,6.816,6.7139999999999995,6.585,325743.13,324269.36,308433.32,4
2017-01-26,6.78,6.89,6.88,6.73,260977.09,0.11,1.62,6.768,6.676,6.545,304366.85,318959.65,303103.65,3
2017-01-25,6.78,6.94,6.77,6.74,307500.22,-0.03,-0.44,6.71,6.631,6.505,283839.12,306702.26,301416.3,2
2017-01-24,6.75,6.84,6.8,6.71,345985.75,0.05,0.74,6.688,6.602,6.475,266694.11,299250.68,294712.2,1
2017-01-23,6.65,6.9,6.75,6.65,444300.34,0.11,1.66,6.662000000000001,6.587000000000001,6.446000000000001,273546.83,286367.62,288937.5,0
2017-01-20,6.58,6.64,6.64,6.48,163070.83,0.05,0.76,6.612,6.586,6.414,322795.6,296834.62,276325.29,4
2017-01-19,6.63,6.7,6.59,6.56,158338.45,-0.07,-1.05,6.584,6.574,6.395,333552.46,304965.82,275219.58,3
2017-01-18,6.66,6.73,6.66,6.6,221775.2,-0.01,-0.15,6.5520000000000005,6.574,6.38,329565.39,364778.41,277741.91,2
2017-01-17,6.53,6.69,6.67,6.49,380249.31,0.17,2.62,6.516,6.537999999999999,6.358,331807.24,362172.64,274616.49,1
2017-01-16,6.48,6.64,6.5,6.3,690544.19,0.0,0.0,6.5120000000000005,6.495,6.336,299188.42,342517.25,268747.18,0
2017-01-13,6.43,6.55,6.5,6.35,216855.14,0.07,1.09,6.56,6.455,6.33,270873.64,292597.28,249780.99,4
2017-01-12,6.47,6.56,6.43,6.41,138403.12,-0.05,-0.77,6.564,6.412999999999999,6.33,276379.17,287247.65,257562.69,3
2017-01-11,6.61,6.65,6.48,6.48,232984.44,-0.17,-2.56,6.596,6.377999999999999,6.332000000000001,399991.43,296130.34,263493.89,2
2017-01-10,6.7,6.75,6.65,6.61,217155.2,-0.09,-1.33,6.56,6.348,6.33,392538.05,290173.72,264083.26,1
2017-01-09,6.51,6.82,6.74,6.49,548970.31,0.22,3.37,6.478,6.303999999999999,6.316,385846.08,291507.38,276735.94,0
2017-01-06,6.57,6.66,6.52,6.49,244382.8,-0.07,-1.06,6.35,6.242000000000001,6.31,314320.91,255815.96,267186.62,4
2017-01-05,6.3,6.73,6.59,6.29,756464.38,0.29,4.6,6.2620000000000005,6.215,6.317,298116.12,245473.34,298809.64,3
2017-01-04,6.23,6.3,6.3,6.21,195717.55,0.06,0.96,6.16,6.186,6.309,192269.25,190705.41,280819.37,2
2017-01-03,6.1,6.25,6.24,6.09,183695.38,0.14,2.29,6.136,6.178,6.307,187809.38,187060.33,289481.85,1
2016-12-30,6.08,6.16,6.1,6.06,191344.44,0.02,0.33,6.13,6.1770000000000005,6.306,197168.67,194977.11,301192.53,4
2016-12-29,6.02,6.2,6.08,6.02,163358.84,0.0,0.0,6.1339999999999995,6.205,6.322,197311.02,206964.7,310524.62,3
2016-12-28,6.17,6.18,6.08,6.05,227230.02,-0.1,-1.62,6.167999999999999,6.246,6.341,192830.56,227877.74,326970.36,2
2016-12-27,6.22,6.24,6.18,6.11,173418.23,-0.03,-0.48,6.212000000000001,6.285,6.362,189141.57,230857.44,346968.76,1
2016-12-26,6.1,6.22,6.21,5.98,230491.8,0.09,1.47,6.22,6.311,6.393,186311.28,237992.81,369320.22,0
2016-12-23,6.25,6.29,6.12,6.11,192056.2,-0.13,-2.08,6.224,6.327999999999999,6.421,192785.56,261964.51,387211.58,4
2016-12-22,6.25,6.32,6.25,6.23,140956.56,-0.05,-0.79,6.276,6.377999999999999,6.445,216618.39,278557.28,398529.35,3
2016-12-21,6.2,6.31,6.3,6.19,208785.06,0.08,1.29,6.324,6.419,6.461,262924.92,352145.94,409876.57,2
2016-12-20,6.22,6.27,6.22,6.15,159266.77,-0.01,-0.16,6.358,6.431,6.477,272573.32,370933.33,419688.47,1
2016-12-19,6.37,6.37,6.23,6.21,262863.22,-0.15,-2.35,6.402,6.436,6.502000000000001,289674.35,391903.38,431959.54,0
2016-12-16,6.46,6.47,6.38,6.32,311220.34,-0.11,-1.7,6.432,6.435,6.525,331143.46,407407.94,438350.14,4
2016-12-15,6.45,6.6,6.49,6.43,372489.19,0.02,0.31,6.48,6.438,6.542000000000001,340496.18,414084.53,447399.41,3
2016-12-14,6.44,6.56,6.47,6.4,257027.06,0.03,0.47,6.513999999999999,6.435,6.56,441366.96,426062.97,458648.93,2
2016-12-13,6.3,6.48,6.44,6.28,244771.92,0.06,0.94,6.504,6.439,6.572,469293.35,463080.08,472903.53,1
2016-12-12,6.65,6.68,6.38,6.21,470208.78,-0.24,-3.62,6.47,6.474,6.587999999999999,494132.41,500647.63,505642.73,0
2016-12-09,6.66,6.75,6.62,6.57,357983.94,-0.04,-0.6,6.438,6.513,6.614,483672.42,512458.66,555126.48,4
2016-12-08,6.5,6.73,6.66,6.48,876843.12,0.24,3.74,6.396,6.5120000000000005,6.609,487672.87,518501.41,598218.94,3
2016-12-07,6.26,6.43,6.42,6.16,396658.97,0.16,2.56,6.356,6.502000000000001,6.59,410758.98,467607.19,602890.01,2
2016-12-06,6.21,6.33,6.27,6.2,368967.25,0.04,0.64,6.374,6.522,6.574,456866.81,468443.61,623026.51,1
2016-12-05,6.35,6.37,6.22,6.2,417908.84,-0.18,-2.81,6.478,6.568,6.565,507162.85,472015.71,635328.19,0
2016-12-02,6.45,6.49,6.41,6.37,377986.19,-0.05,-0.77,6.587999999999999,6.615,6.5489999999999995,541244.89,469292.35,625892.99,4
2016-12-01,6.5,6.59,6.46,6.38,492273.66,-0.04,-0.61,6.627999999999999,6.645,6.526,549329.94,480714.3,631637.6,3
2016-11-30,6.73,6.73,6.51,6.49,627198.12,-0.27,-3.98,6.648,6.684,6.497000000000001,524455.4,491234.88,621019.9,2
2016-11-29,6.78,6.85,6.79,6.61,620447.44,0.03,0.44,6.67,6.705,6.465,480020.41,482726.98,605571.42,1
2016-11-28,6.62,6.81,6.77,6.62,588319.06,0.16,2.42,6.6579999999999995,6.7010000000000005,6.421,436868.56,510637.83,584374.88,0
2016-11-25,6.57,6.66,6.61,6.54,418411.41,0.06,0.92,6.642,6.7139999999999995,6.376,397339.8,597794.3,570140.38,4
2016-11-24,6.6,6.66,6.56,6.52,367900.97,-0.06,-0.91,6.662000000000001,6.705,6.345,412098.65,677936.48,576791.12,3
2016-11-23,6.7,6.76,6.62,6.56,405023.19,-0.12,-1.78,6.72,6.678,6.312,458014.36,738172.82,574389.18,2
2016-11-22,6.69,6.77,6.73,6.62,404688.19,0.04,0.6,6.74,6.626,6.274,485433.54,777609.4,567760.66,1
2016-11-21,6.72,6.85,6.69,6.65,390675.25,-0.03,-0.45,6.744,6.562,6.23,584407.09,798640.67,569656.38,0
2016-11-18,6.82,6.86,6.71,6.68,492205.66,-0.14,-2.04,6.7860000000000005,6.483,6.191,798248.79,782493.64,589272.74,4
2016-11-17,6.7,6.94,6.85,6.6,597479.5,0.13,1.94,6.747999999999999,6.407,6.15,943774.31,782560.91,617518.45,3
2016-11-16,6.74,6.79,6.72,6.62,542119.12,-0.03,-0.44,6.636,6.309,6.09,1018331.29,750804.92,596210.27,2
2016-11-15,6.85,7.0,6.75,6.68,899555.94,-0.14,-2.03,6.5120000000000005,6.225,6.037000000000001,1069785.25,728415.87,580349.7,1
2016-11-14,6.49,6.98,6.9,6.44,1459883.75,0.38,5.83,6.38,6.14,5.983,1012874.25,658111.92,546594.31,0
2016-11-11,6.36,6.65,6.52,6.3,1219833.25,0.23,3.66,6.18,6.037999999999999,5.917000000000001,766738.48,542486.47,485151.32,4
2016-11-10,6.4,6.49,6.29,6.26,970264.38,0.19,3.12,6.066,5.985,5.874,621347.51,475645.76,435990.69,3
2016-11-09,6.06,6.21,6.1,6.02,799388.94,0.01,0.16,5.982,5.946000000000001,5.845,483278.55,410605.55,422955.98,2
2016-11-08,5.95,6.1,6.09,5.88,615000.94,0.19,3.22,5.938,5.921,5.817,387046.48,357911.92,388884.67,1
2016-11-07,5.95,5.96,5.9,5.88,229204.89,-0.05,-0.84,5.9,5.897,5.792000000000001,303349.6,340672.08,369155.01,0
2016-11-04,5.86,6.05,5.95,5.86,492878.38,0.07,1.19,5.896,5.899,5.773,318234.46,396051.85,368748.38,4
2016-11-03,5.84,5.95,5.87,5.81,279919.62,-0.01,-0.17,5.904,5.892,5.75,329944.01,452475.98,349734.49,3
2016-11-02,5.89,5.99,5.88,5.87,318228.56,-0.02,-0.34,5.91,5.87,5.728,337932.54,441615.61,341643.46,2
2016-11-01,5.89,5.95,5.9,5.85,196516.53,0.02,0.34,5.904,5.848,5.705,328777.37,432283.54,330607.04,1
2016-10-31,5.98,5.98,5.88,5.85,303629.22,-0.11,-1.84,5.894,5.8260000000000005,5.683,377994.56,435076.7,331205.75,0
2016-10-28,5.88,6.05,5.99,5.87,551426.12,0.09,1.52,5.902,5.795,5.6610000000000005,473869.23,427816.18,330507.44,4
2016-10-27,5.85,5.92,5.9,5.81,319862.25,0.05,0.85,5.88,5.763,5.642,575007.96,396335.62,311092.87,3
2016-10-26,5.84,5.91,5.85,5.79,272452.72,0.0,0.0,5.83,5.742999999999999,5.627000000000001,545298.68,435306.41,304240.96,2
2016-10-25,5.92,5.99,5.85,5.78,442602.5,-0.07,-1.18,5.792000000000001,5.712999999999999,5.614,535789.71,419857.42,300578.22,1
2016-10-24,5.87,6.01,5.92,5.82,783002.56,0.05,0.85,5.757999999999999,5.687,5.604,492158.83,397637.95,289056.34,0
2016-10-21,5.66,6.1,5.88,5.64,1057119.75,0.22,3.89,5.688,5.647,5.59,381763.12,341444.91,268420.48,4
2016-10-20,5.66,5.71,5.65,5.61,171315.88,-0.02,-0.35,5.646,5.607,5.571000000000001,217663.29,246993.0,223275.54,3
2016-10-19,5.69,5.73,5.66,5.64,224907.86,-0.02,-0.35,5.656000000000001,5.586,5.564,325314.14,241671.3,225944.12,2
2016-10-18,5.56,5.7,5.68,5.55,224448.12,0.12,2.16,5.6339999999999995,5.561,5.557,303925.14,228930.55,234833.88,1
2016-10-17,5.65,5.68,5.57,5.55,231024.0,-0.1,-1.76,5.6160000000000005,5.539,5.55,303117.06,227334.81,241916.29,0
2016-10-14,5.69,5.7,5.67,5.62,236620.59,-0.03,-0.53,5.606,5.527,5.5489999999999995,301126.7,233198.7,246242.49,4
2016-10-13,5.54,5.75,5.7,5.53,709570.12,0.15,2.7,5.568,5.52,5.545,276322.71,225850.12,281863.57,3
2016-10-12,5.6,5.6,5.55,5.53,117962.85,-0.04,-0.72,5.516,5.51,5.532,158028.47,173175.51,270309.87,2
2016-10-11,5.52,5.65,5.59,5.52,220407.73,0.07,1.27,5.4879999999999995,5.515,5.521,153935.96,181299.01,275356.96,1
2016-10-10,5.48,5.57,5.52,5.45,221072.19,0.05,0.91,5.462000000000001,5.52,5.504,151552.56,180474.72,272372.65,0
2016-09-30,5.41,5.48,5.48,5.41,112600.66,0.05,0.92,5.4479999999999995,5.532,5.49,165270.7,195396.06,273521.21,4
2016-09-29,5.41,5.47,5.44,5.4,118098.92,0.03,0.56,5.472,5.534,5.481,175377.52,199558.08,276295.48,3
2016-09-28,5.47,5.48,5.41,5.4,97500.28,-0.04,-0.73,5.504,5.541,5.475,188322.56,210216.94,276805.35,2
2016-09-27,5.45,5.48,5.46,5.37,208490.73,0.01,0.18,5.542000000000001,5.553,5.472,208662.06,240737.21,278453.15,1
2016-09-26,5.58,5.65,5.45,5.44,289662.91,-0.15,-2.68,5.577999999999999,5.561,5.466,209396.89,256497.77,274415.01,0
2016-09-23,5.6,5.65,5.6,5.59,163134.77,0.0,0.0,5.6160000000000005,5.571000000000001,5.46,225521.41,259286.29,270521.29,4
2016-09-22,5.61,5.65,5.6,5.58,182824.09,0.0,0.0,5.596,5.57,5.45,223738.63,337877.02,272826.71,3
2016-09-21,5.63,5.68,5.6,5.6,199197.81,-0.04,-0.71,5.577999999999999,5.553999999999999,5.444,232111.32,367444.23,273042.25,2
2016-09-20,5.64,5.65,5.64,5.57,212164.88,0.01,0.18,5.564,5.526,5.438,272812.35,369414.92,276751.33,1
2016-09-19,5.51,5.66,5.64,5.5,370285.5,0.13,2.36,5.544,5.4879999999999995,5.435,303598.65,364270.58,282577.97,0
2016-09-14,5.48,5.53,5.5,5.45,154220.88,0.0,0.0,5.526,5.447,5.428999999999999,293051.17,351646.37,275878.36,2
2016-09-13,5.54,5.57,5.51,5.46,224687.55,-0.02,-0.36,5.544,5.4270000000000005,5.43,452015.4,353032.88,281360.22,1
2016-09-12,5.49,5.54,5.53,5.42,402702.94,-0.02,-0.36,5.53,5.4079999999999995,5.431,502777.13,343393.76,298908.65,0
2016-09-09,5.58,5.69,5.54,5.54,366096.38,-0.02,-0.36,5.4879999999999995,5.391,5.428999999999999,466017.48,316169.1,303886.06,4
2016-09-08,5.59,5.59,5.55,5.51,317548.09,-0.04,-0.72,5.432,5.371,5.42,424942.51,292332.25,294457.45,3
2016-09-07,5.45,5.72,5.59,5.41,949042.06,0.14,2.57,5.367999999999999,5.348,5.4079999999999995,410241.58,281756.29,287623.55,2
2016-09-06,5.3,5.47,5.44,5.3,478496.19,0.13,2.45,5.31,5.329,5.397,254050.36,207776.4,248862.29,1
2016-09-05,5.27,5.34,5.32,5.27,218904.7,0.05,0.95,5.2860000000000005,5.332999999999999,5.394,184010.38,178640.28,240117.79,0
2016-09-02,5.23,5.28,5.26,5.22,160721.52,0.03,0.57,5.294,5.35,5.396,166320.72,184087.74,241802.35,4
2016-09-01,5.3,5.3,5.23,5.22,244043.42,-0.06,-1.13,5.31,5.382000000000001,5.397,159721.98,200885.36,242952.17,3
2016-08-31,5.32,5.32,5.3,5.26,168085.95,-0.02,-0.38,5.327999999999999,5.4110000000000005,5.4,153271.0,200110.34,238402.31,2
2016-08-30,5.35,5.36,5.32,5.29,128296.33,-0.03,-0.56,5.348,5.432,5.399,161502.45,209687.56,238269.09,1
2016-08-29,5.34,5.39,5.36,5.3,130456.39,0.02,0.38,5.38,5.454,5.398,173270.17,254423.54,243248.29,0
2016-08-26,5.31,5.37,5.34,5.31,127727.81,0.02,0.38,5.406000000000001,5.466,5.394,201854.76,291603.01,256810.51,4
2016-08-25,5.38,5.39,5.32,5.26,211788.53,-0.08,-1.48,5.454,5.468999999999999,5.388,242048.75,296582.65,254364.77,3
2016-08-24,5.45,5.47,5.4,5.38,209243.19,-0.07,-1.28,5.494,5.468,5.3839999999999995,246949.68,293490.82,257151.0,2
2016-08-23,5.48,5.55,5.48,5.45,187134.95,-0.01,-0.18,5.516,5.465,5.375,257872.68,289948.18,270617.32,1
2016-08-22,5.59,5.63,5.49,5.47,273379.31,-0.09,-1.61,5.528,5.454,5.369,335576.9,301595.3,273991.25,0
2016-08-19,5.51,5.59,5.58,5.47,328697.75,0.06,1.09,5.526,5.441,5.361000000000001,381351.26,299516.97,276090.58,4
2016-08-18,5.5,5.54,5.52,5.46,236293.22,0.02,0.36,5.484,5.412000000000001,5.346,351116.56,285018.97,272714.24,3
2016-08-17,5.52,5.55,5.51,5.48,263858.16,-0.03,-0.54,5.442,5.388999999999999,5.332999999999999,340031.95,276694.28,270034.54,2
2016-08-16,5.5,5.61,5.54,5.47,575656.06,0.07,1.28,5.414,5.365,5.32,322023.69,266850.61,266613.92,1
2016-08-15,5.37,5.51,5.48,5.35,502251.09,0.11,2.05,5.38,5.3420000000000005,5.305,267613.7,232073.04,248329.33,0
2016-08-12,5.3,5.37,5.37,5.28,177524.27,0.07,1.32,5.356,5.321000000000001,5.292999999999999,217682.68,222018.01,233341.44,4
2016-08-11,5.36,5.39,5.31,5.3,180870.17,-0.06,-1.12,5.34,5.306,5.289,218921.37,212146.89,235197.52,3
2016-08-10,5.38,5.4,5.37,5.36,173816.86,-0.01,-0.19,5.336,5.2989999999999995,5.289,213356.62,220811.18,236490.35,2
2016-08-09,5.34,5.41,5.37,5.31,303606.09,0.01,0.19,5.316,5.284,5.2860000000000005,211677.52,251286.45,248928.43,1
2016-08-08,5.28,5.36,5.36,5.24,252596.02,0.06,1.13,5.303999999999999,5.2829999999999995,5.285,196532.39,246387.2,259822.34,0
2016-08-05,5.28,5.32,5.29,5.26,183717.73,0.01,0.19,5.2860000000000005,5.281000000000001,5.278,226353.35,252664.19,269269.83,4
2016-08-04,5.28,5.3,5.29,5.26,153046.39,0.01,0.19,5.272,5.279,5.273,205372.41,260409.5,270032.91,3
2016-08-03,5.29,5.31,5.27,5.26,165421.38,-0.04,-0.75,5.2620000000000005,5.276,5.27,228265.75,263374.8,275235.05,2
2016-08-02,5.29,5.34,5.31,5.25,227880.42,0.05,0.95,5.252000000000001,5.274,5.268,290895.38,266377.23,285589.43,1
2016-08-01,5.27,5.41,5.27,5.24,401700.81,0.06,1.15,5.2620000000000005,5.267,5.266,296242.01,264585.62,307795.97,0
2016-07-29,5.24,5.26,5.22,5.2,78813.06,-0.03,-0.57,5.276,5.265,5.2589999999999995,278975.03,244664.86,307576.69,4
2016-07-28,5.2,5.29,5.24,5.16,267513.06,0.02,0.38,5.2860000000000005,5.272,5.25,315446.59,258248.15,311260.7,3
2016-07-27,5.38,5.45,5.22,5.13,478569.56,-0.13,-2.43,5.29,5.278,5.239,298483.84,252169.51,306540.03,2
2016-07-26,5.33,5.38,5.36,5.32,254613.55,0.02,0.38,5.296,5.287999999999999,5.23,241859.07,246570.41,300053.94,1
2016-07-25,5.25,5.35,5.34,5.23,315365.94,0.07,1.33,5.272,5.2860000000000005,5.21,232929.24,273257.49,296284.77,0
2016-07-22,5.27,5.33,5.27,5.24,261170.86,0.0,0.0,5.254,5.274,5.191,210354.69,285875.48,289897.57,4
2016-07-21,5.24,5.29,5.26,5.22,182699.31,0.02,0.38,5.257999999999999,5.267,5.172000000000001,201049.7,279656.31,289328.4,3
2016-07-20,5.23,5.26,5.25,5.21,195445.7,0.01,0.19,5.266,5.263,5.157,205855.17,287095.31,296015.88,2
2016-07-19,5.24,5.25,5.24,5.19,209964.38,-0.01,-0.19,5.28,5.261,5.144,251281.75,304801.63,292153.52,1
2016-07-18,5.28,5.29,5.25,5.22,202493.2,-0.05,-0.94,5.3,5.265,5.13,313585.74,351006.31,293548.19,0
2016-07-15,5.32,5.34,5.29,5.27,214645.91,-0.01,-0.19,5.294,5.252999999999999,5.117,361396.26,370488.52,290228.09,4
2016-07-14,5.31,5.31,5.3,5.27,206726.67,-0.02,-0.38,5.276,5.228,5.103,358262.91,364273.25,289148.25,3
2016-07-13,5.35,5.41,5.32,5.3,422578.59,-0.02,-0.38,5.26,5.2,5.087,368335.45,360910.55,287289.8,2
2016-07-12,5.22,5.37,5.34,5.17,521484.34,0.12,2.3,5.242000000000001,5.172000000000001,5.071000000000001,358321.52,353537.47,276413.18,1
2016-07-11,5.2,5.26,5.22,5.19,441545.81,0.02,0.39,5.23,5.1339999999999995,5.051,388426.87,319312.05,259782.51,0
2016-07-08,5.21,5.22,5.2,5.15,198979.16,-0.02,-0.38,5.212000000000001,5.107,5.034,379580.78,293919.67,249523.64,4
2016-07-07,5.22,5.23,5.22,5.17,257089.33,-0.01,-0.19,5.18,5.077,5.025,370283.59,299000.5,247961.4,3
2016-07-06,5.25,5.25,5.23,5.15,372508.94,-0.05,-0.95,5.14,5.05,5.016,353485.65,304936.46,241484.58,2
2016-07-05,5.13,5.47,5.28,5.11,672011.12,0.15,2.92,5.102,5.026,5.008,348753.42,279505.4,232437.5,1
2016-07-04,5.03,5.14,5.13,5.02,397315.34,0.09,1.79,5.038,4.994,4.998,250197.24,236090.08,212928.8,0
2016-07-01,5.02,5.05,5.04,5.01,152493.2,0.02,0.4,5.002,4.98,4.994,208258.56,209967.66,204741.16,4
2016-06-30,5.04,5.05,5.02,5.0,173099.66,-0.02,-0.4,4.974,4.977,4.995,227717.41,214023.26,209296.86,3
2016-06-29,4.96,5.1,5.04,4.95,348847.78,0.08,1.61,4.96,4.973,4.999,256387.26,213669.05,218659.02,2
2016-06-28,4.94,4.97,4.96,4.9,179230.2,0.01,0.2,4.95,4.968999999999999,4.993,210257.38,199288.88,206300.59,1
2016-06-27,4.88,4.96,4.95,4.87,187621.95,0.05,1.02,4.95,4.967,4.9910000000000005,221982.92,200252.97,202309.14,0
2016-06-24,4.95,4.98,4.9,4.87,249787.45,-0.05,-1.01,4.958,4.96,4.99,211676.76,205127.62,199862.08,4
2016-06-23,4.98,4.99,4.95,4.9,316448.91,-0.04,-0.8,4.98,4.9719999999999995,4.9910000000000005,200329.11,196922.29,193535.1,3
2016-06-22,4.96,4.99,4.99,4.95,118198.38,0.02,0.4,4.986000000000001,4.982,4.993,170950.84,178032.7,187065.95,2
2016-06-21,5.0,5.03,4.96,4.96,237857.92,-0.03,-0.6,4.988,4.99,4.993,188320.39,185369.6,190891.93,1
2016-06-20,5.01,5.02,4.99,4.96,136091.12,-0.03,-0.6,4.984,5.001,4.995,178523.01,189767.51,188129.22,0
2016-06-17,4.97,5.02,5.01,4.97,193049.2,0.03,0.6,4.962,5.007,4.995,198578.48,199514.67,191381.61,4
2016-06-16,5.0,5.04,4.98,4.96,169557.58,-0.02,-0.4,4.9639999999999995,5.013,4.994,193515.48,204570.47,191270.43,3
2016-06-15,4.9,5.01,5.0,4.88,205046.12,0.06,1.22,4.978,5.024,4.995,185114.56,223648.98,192821.35,2
2016-06-14,4.88,4.95,4.94,4.88,188871.02,0.06,1.23,4.992,5.016,4.995,182418.8,213312.29,191880.98,1
2016-06-13,4.98,4.98,4.88,4.87,236368.48,-0.14,-2.79,5.018,5.013999999999999,4.999,201012.02,204365.32,192131.81,0
2016-06-08,5.04,5.04,5.02,4.98,167734.2,-0.02,-0.4,5.052,5.02,5.01,200450.86,194596.54,188110.3,2
2016-06-07,5.06,5.07,5.05,5.01,127552.98,-0.02,-0.39,5.062,5.0089999999999995,5.0089999999999995,215625.46,190147.91,190147.91,1
2016-06-06,5.07,5.1,5.07,5.03,191567.34,0.0,0.0,5.07,5.004,5.004,262183.4,197102.9,197102.9,0
2016-06-03,5.05,5.08,5.07,5.02,281837.09,0.02,0.4,5.04,4.996,4.996,244205.78,197794.85,197794.85,4
2016-06-02,5.06,5.08,5.05,5.02,233562.7,-0.02,-0.39,5.01,4.986000000000001,4.986000000000001,207718.62,185788.81,185788.81,3
2016-06-01,5.09,5.13,5.07,5.06,243607.2,-0.02,-0.39,4.988,4.975,4.975,188742.22,177826.5,177826.5,2
